links,date,id,neo_reference_id,name,nasa_jpl_url,absolute_magnitude_h,kilometers.estimated_diameter_min,kilometers.estimated_diameter_max,meters.estimated_diameter_min,meters.estimated_diameter_max,miles.estimated_diameter_min,miles.estimated_diameter_max,feet.estimated_diameter_min,feet.estimated_diameter_max,is_potentially_hazardous_asteroid,close_approach_date,close_approach_date_full,epoch_date_close_approach,orbiting_body,relative_velocity_km/s,relative_velocity_km/h,relative_velocity_m/h,miss_dist_astromnomical,miss_dist_lunar,miss_dist_km,miss_dist_miles,is_sentry_object,sentry_data
{'self': 'http://api.nasa.gov/neo/rest/v1/neo/3384400?api_key=XwVHPFh2zHGkoQZ3QmLtDqyncNjhdloY07lr9868'},2023-08-19,3384400,3384400,(2007 RO17),https://ssd.jpl.nasa.gov/tools/sbdb_lookup.html#/?sstr=3384400,25.8,0.0183888672,0.0411187571,18.388867207,41.1187571041,0.0114263088,0.0255500032,60.3309310875,134.9040630575,False,2023-08-19,2023-Aug-19 03:06,1692414360000,Earth,14.1390891636,50900.7209890025,31627.7285500832,0.287069504,111.670037056,42944986.34035648,26684777.122340224,False,
{'self': 'http://api.nasa.gov/neo/rest/v1/neo/3576728?api_key=XwVHPFh2zHGkoQZ3QmLtDqyncNjhdloY07lr9868'},2023-08-19,3576728,3576728,(2011 QJ21),https://ssd.jpl.nasa.gov/tools/sbdb_lookup.html#/?sstr=3576728,24.46,0.0340843469,0.0762149166,34.084346887,76.214916608,0.0211790247,0.0473577389,111.8252886407,250.0489470042,False,2023-08-19,2023-Aug-19 09:40,1692438000000,Earth,15.054331118,54195.5920247708,33675.0332778361,0.0331649865,12.9011797485,4961411.338978755,3082878.051086619,False,
{'self': 'http://api.nasa.gov/neo/rest/v1/neo/3617339?api_key=XwVHPFh2zHGkoQZ3QmLtDqyncNjhdloY07lr9868'},2023-08-19,3617339,3617339,(2012 VJ38),https://ssd.jpl.nasa.gov/tools/sbdb_lookup.html#/?sstr=3617339,28.5,0.0053034072,0.0118587791,5.3034072332,11.8587790858,0.0032953835,0.0073687014,17.3996305869,38.9067567758,False,2023-08-19,2023-Aug-19 23:11,1692486660000,Earth,6.4191084851,23108.7905464549,14358.9037703792,0.4708466885,183.1593618265,70437661.696153495,43767933.431948431,True,http://api.nasa.gov/neo/rest/v1/neo/sentry/3617339?api_key=XwVHPFh2zHGkoQZ3QmLtDqyncNjhdloY07lr9868
{'self': 'http://api.nasa.gov/neo/rest/v1/neo/3738931?api_key=XwVHPFh2zHGkoQZ3QmLtDqyncNjhdloY07lr9868'},2023-08-19,3738931,3738931,(2015 YO1),https://ssd.jpl.nasa.gov/tools/sbdb_lookup.html#/?sstr=3738931,22.94,0.0686364759,0.1534758258,68.6364758671,153.4758257748,0.0426487156,0.0953654273,225.1852954837,503.529628235,False,2023-08-19,2023-Aug-19 18:04,1692468240000,Earth,15.7673757221,56762.552599407,35270.0427526704,0.2906736154,113.0720363906,43484153.729039198,27019800.2024410124,False,
{'self': 'http://api.nasa.gov/neo/rest/v1/neo/3802041?api_key=XwVHPFh2zHGkoQZ3QmLtDqyncNjhdloY07lr9868'},2023-08-19,3802041,3802041,(2018 FE3),https://ssd.jpl.nasa.gov/tools/sbdb_lookup.html#/?sstr=3802041,27.2,0.0096506147,0.0215794305,9.6506146958,21.5794304844,0.0059966121,0.0134088323,31.6621227185,70.7986587106,False,2023-08-19,2023-Aug-19 04:42,1692420120000,Earth,6.3249920706,22769.9714542173,14148.3747627608,0.2226988571,86.6298554119,33315274.673594377,20701151.7570093226,True,http://api.nasa.gov/neo/rest/v1/neo/sentry/3802041?api_key=XwVHPFh2zHGkoQZ3QmLtDqyncNjhdloY07lr9868
{'self': 'http://api.nasa.gov/neo/rest/v1/neo/54105101?api_key=XwVHPFh2zHGkoQZ3QmLtDqyncNjhdloY07lr9868'},2023-08-19,54105101,54105101,(2021 AB4),https://ssd.jpl.nasa.gov/tools/sbdb_lookup.html#/?sstr=54105101,26.84,0.0113908197,0.0254706471,11.3908196722,25.4706471064,0.007077925,0.0158267215,37.3714568132,83.5651178526,False,2023-08-19,2023-Aug-19 21:35,1692480900000,Earth,5.4038501416,19453.8605096735,12087.8723816913,0.3892850302,151.4318767478,58236211.340805674,36186303.7459753412,True,http://api.nasa.gov/neo/rest/v1/neo/sentry/54105101?api_key=XwVHPFh2zHGkoQZ3QmLtDqyncNjhdloY07lr9868
{'self': 'http://api.nasa.gov/neo/rest/v1/neo/54327909?api_key=XwVHPFh2zHGkoQZ3QmLtDqyncNjhdloY07lr9868'},2023-08-19,54327909,54327909,(2022 WW2),https://ssd.jpl.nasa.gov/tools/sbdb_lookup.html#/?sstr=54327909,25.57,0.0204434871,0.0457130269,20.4434871028,45.713026859,0.01270299,0.0284047492,67.0718102264,149.9771270402,False,2023-08-19,2023-Aug-19 19:58,1692475080000,Earth,11.4374975731,41174.9912632118,25584.5383212996,0.3455985586,134.4378392954,51700808.241630182,32125392.5671012316,False,
{'self': 'http://api.nasa.gov/neo/rest/v1/neo/54342553?api_key=XwVHPFh2zHGkoQZ3QmLtDqyncNjhdloY07lr9868'},2023-08-19,54342553,54342553,(2023 DC2),https://ssd.jpl.nasa.gov/tools/sbdb_lookup.html#/?sstr=54342553,24.71,0.0303777061,0.0679266159,30.3777061387,67.9266159267,0.0188758256,0.0422076293,99.6643934081,222.8563585969,False,2023-08-19,2023-Aug-19 23:04,1692486240000,Earth,13.6521063343,49147.582803516,30538.396659218,0.2877352949,111.9290297161,43044587.240861863,26746666.2520771894,False,
{'self': 'http://api.nasa.gov/neo/rest/v1/neo/54376463?api_key=XwVHPFh2zHGkoQZ3QmLtDqyncNjhdloY07lr9868'},2023-08-19,54376463,54376463,(2023 OJ5),https://ssd.jpl.nasa.gov/tools/sbdb_lookup.html#/?sstr=54376463,21.12,0.1586919792,0.3548460529,158.691979174,354.846052917,0.0986065938,0.2204910467,520.6429929532,1164.1931242522,False,2023-08-19,2023-Aug-19 12:21,1692447660000,Earth,9.2861461056,33430.1259802924,20772.1802236989,0.3176569959,123.5685714051,47520809.977238733,29528062.0854231954,False,
{'self': 'http://api.nasa.gov/neo/rest/v1/neo/54377561?api_key=XwVHPFh2zHGkoQZ3QmLtDqyncNjhdloY07lr9868'},2023-08-19,54377561,54377561,(2023 QQ1),https://ssd.jpl.nasa.gov/tools/sbdb_lookup.html#/?sstr=54377561,24.35,0.0358554334,0.0801751865,35.8554334193,80.1751864882,0.0222795265,0.0498185358,117.6359401793,263.0419588381,False,2023-08-19,2023-Aug-19 10:34,1692441240000,Earth,5.5336453942,19921.1234189404,12378.2113821744,0.1605672193,62.4606483077,24020513.999102891,14925655.2872102558,False,
{'self': 'http://api.nasa.gov/neo/rest/v1/neo/54377564?api_key=XwVHPFh2zHGkoQZ3QmLtDqyncNjhdloY07lr9868'},2023-08-19,54377564,54377564,(2023 QS1),https://ssd.jpl.nasa.gov/tools/sbdb_lookup.html#/?sstr=54377564,28.62,0.005018281,0.0112212175,5.0182810059,11.2212174594,0.0031182143,0.0069725391,16.4641770554,36.8150190894,False,2023-08-19,2023-Aug-19 18:22,1692469320000,Earth,15.7210481418,56595.7733104235,35166.4125883573,0.0007162234,0.2786109026,107145.495084158,66577.1234230604,False,
{'self': 'http://api.nasa.gov/neo/rest/v1/neo/54377835?api_key=XwVHPFh2zHGkoQZ3QmLtDqyncNjhdloY07lr9868'},2023-08-19,54377835,54377835,(2023 QE2),https://ssd.jpl.nasa.gov/tools/sbdb_lookup.html#/?sstr=54377835,27.77,0.0074225815,0.0165973969,7.42258153,16.5973968696,0.0046121769,0.0103131411,24.3523023869,54.4534035458,False,2023-08-19,2023-Aug-19 09:18,1692436680000,Earth,12.3768380295,44556.6169061168,27685.7489881369,0.0027310728,1.0623873192,408562.673694936,253869.0733686768,True,http://api.nasa.gov/neo/rest/v1/neo/sentry/54377835?api_key=XwVHPFh2zHGkoQZ3QmLtDqyncNjhdloY07lr9868
{'self': 'http://api.nasa.gov/neo/rest/v1/neo/54377846?api_key=XwVHPFh2zHGkoQZ3QmLtDqyncNjhdloY07lr9868'},2023-08-19,54377846,54377846,(2023 QT2),https://ssd.jpl.nasa.gov/tools/sbdb_lookup.html#/?sstr=54377846,24.72,0.0302381333,0.0676145215,30.2381332572,67.6145214758,0.0187890991,0.0420137028,99.2064771155,221.8324266386,False,2023-08-19,2023-Aug-19 11:44,1692445440000,Earth,20.4324598536,73556.8554731234,45705.3694466194,0.0520561133,20.2498280737,7787483.670158671,4838917.9690288198,False,
{'self': 'http://api.nasa.gov/neo/rest/v1/neo/54377956?api_key=XwVHPFh2zHGkoQZ3QmLtDqyncNjhdloY07lr9868'},2023-08-19,54377956,54377956,(2023 QP3),https://ssd.jpl.nasa.gov/tools/sbdb_lookup.html#/?sstr=54377956,27.56,0.0081762653,0.0182826851,8.1762653336,18.282685088,0.0050804942,0.0113603303,26.825018357,59.982564544,False,2023-08-19,2023-Aug-19 09:10,1692436200000,Earth,10.8625611241,39105.2200468381,24298.4629785478,0.0105401585,4.1001216565,1576785.261062395,979768.928735251,False,
{'self': 'http://api.nasa.gov/neo/rest/v1/neo/54377966?api_key=XwVHPFh2zHGkoQZ3QmLtDqyncNjhdloY07lr9868'},2023-08-19,54377966,54377966,(2023 QZ3),https://ssd.jpl.nasa.gov/tools/sbdb_lookup.html#/?sstr=54377966,24.84,0.0286124454,0.0639793729,28.6124453783,63.9793728683,0.0177789438,0.0397549269,93.8728552949,209.9060856814,False,2023-08-19,2023-Aug-19 17:31,1692466260000,Earth,7.1593321979,25773.5959125181,16014.7101935311,0.0448909325,17.4625727425,6715587.884313775,4172872.812629095,False,
{'self': 'http://api.nasa.gov/neo/rest/v1/neo/54378347?api_key=XwVHPFh2zHGkoQZ3QmLtDqyncNjhdloY07lr9868'},2023-08-19,54378347,54378347,(2023 QM5),https://ssd.jpl.nasa.gov/tools/sbdb_lookup.html#/?sstr=54378347,26.91,0.0110294785,0.0246626636,11.0294784532,24.6626635778,0.0068533981,0.0153246639,36.1859540885,80.9142531725,False,2023-08-19,2023-Aug-19 15:43,1692459780000,Earth,4.2165999858,15179.7599488042,9432.1125081889,0.008732631,3.396993459,1306382.99709597,811748.753105586,False,
{'self': 'http://api.nasa.gov/neo/rest/v1/neo/54378882?api_key=XwVHPFh2zHGkoQZ3QmLtDqyncNjhdloY07lr9868'},2023-08-19,54378882,54378882,(2023 QM7),https://ssd.jpl.nasa.gov/tools/sbdb_lookup.html#/?sstr=54378882,22.75,0.0749126183,0.1675097069,74.912618313,167.5097069204,0.0465485286,0.1040856741,245.7763146661,549.5725468527,False,2023-08-19,2023-Aug-19 13:30,1692451800000,Earth,9.7332796845,35039.8068642894,21772.3733263136,0.0617943647,24.0380078683,9244305.337123189,5744144.9769464482,False,
{'self': 'http://api.nasa.gov/neo/rest/v1/neo/54387375?api_key=XwVHPFh2zHGkoQZ3QmLtDqyncNjhdloY07lr9868'},2023-08-19,54387375,54387375,(2023 SE6),https://ssd.jpl.nasa.gov/tools/sbdb_lookup.html#/?sstr=54387375,21.5,0.1332155667,0.2978790628,133.2155666981,297.8790627982,0.0827762899,0.1850934111,437.0589598459,977.2935443908,False,2023-08-19,2023-Aug-19 11:04,1692443040000,Earth,14.4209936439,51915.5771179313,32258.3206819724,0.4493606221,174.8012819969,67223391.928034927,41770678.8119669126,False,
{'self': 'http://api.nasa.gov/neo/rest/v1/neo/54418653?api_key=XwVHPFh2zHGkoQZ3QmLtDqyncNjhdloY07lr9868'},2023-08-19,54418653,54418653,(2023 YA2),https://ssd.jpl.nasa.gov/tools/sbdb_lookup.html#/?sstr=54418653,25.21,0.0241298697,0.0539560289,24.1298696921,53.9560289198,0.0149936013,0.0335267116,79.1662416807,177.0210979213,False,2023-08-19,2023-Aug-19 06:58,1692428280000,Earth,7.5523279306,27188.3805499973,16893.802347858,0.2303958787,89.6239968143,34466732.710298369,21416634.6036367322,False,
{'self': 'http://api.nasa.gov/neo/rest/v1/neo/3329278?api_key=XwVHPFh2zHGkoQZ3QmLtDqyncNjhdloY07lr9868'},2023-08-20,3329278,3329278,(2006 GB),https://ssd.jpl.nasa.gov/tools/sbdb_lookup.html#/?sstr=3329278,20.34,0.2272767323,0.5082062231,227.2767322847,508.2062230927,0.1412231704,0.315784609,745.6585943491,1667.3433049715,True,2023-08-20,2023-Aug-20 07:19,1692515940000,Earth,8.0886290828,29119.0646979464,18093.4543952323,0.1282835035,49.9022828615,19190938.879737545,11924696.464346321,False,
{'self': 'http://api.nasa.gov/neo/rest/v1/neo/3527906?api_key=XwVHPFh2zHGkoQZ3QmLtDqyncNjhdloY07lr9868'},2023-08-20,3527906,3527906,(2010 LH14),https://ssd.jpl.nasa.gov/tools/sbdb_lookup.html#/?sstr=3527906,22.08,0.1019893859,0.2280551997,101.9893858518,228.0551997482,0.0633732467,0.1417068875,334.6108566782,748.2126215418,False,2023-08-20,2023-Aug-20 22:24,1692570240000,Earth,11.1735433429,40224.7560342611,24994.0991036218,0.0726993491,28.2800467999,10875667.775746417,6757826.5912658746,False,
{'self': 'http://api.nasa.gov/neo/rest/v1/neo/3726791?api_key=XwVHPFh2zHGkoQZ3QmLtDqyncNjhdloY07lr9868'},2023-08-20,3726791,3726791,(2015 RH2),https://ssd.jpl.nasa.gov/tools/sbdb_lookup.html#/?sstr=3726791,22.01,0.1053307015,0.2355266087,105.3307015051,235.5266086831,0.0654494433,0.1463494044,345.573178726,772.725118832,True,2023-08-20,2023-Aug-20 17:02,1692550920000,Earth,6.5269668248,23497.0805694542,14600.1720905034,0.368484419,143.340438991,55124484.21058753,34252766.166586714,False,
{'self': 'http://api.nasa.gov/neo/rest/v1/neo/3755501?api_key=XwVHPFh2zHGkoQZ3QmLtDqyncNjhdloY07lr9868'},2023-08-20,3755501,3755501,(2016 ND39),https://ssd.jpl.nasa.gov/tools/sbdb_lookup.html#/?sstr=3755501,25.2,0.0242412481,0.0542050786,24.2412481101,54.2050786336,0.0150628086,0.0336814639,79.5316564495,177.8381901842,False,2023-08-20,2023-Aug-20 10:39,1692527940000,Earth,10.8898670182,39203.52126556,24359.5435330364,0.1222357399,47.5497028211,18286206.326914013,11362521.7244108594,False,
{'self': 'http://api.nasa.gov/neo/rest/v1/neo/3760649?api_key=XwVHPFh2zHGkoQZ3QmLtDqyncNjhdloY07lr9868'},2023-08-20,3760649,3760649,(2016 TY18),https://ssd.jpl.nasa.gov/tools/sbdb_lookup.html#/?sstr=3760649,23.8,0.046190746,0.1032856481,46.1907460282,103.2856480504,0.0287015901,0.0641787064,151.544447199,338.8636855496,False,2023-08-20,2023-Aug-20 08:08,1692518880000,Earth,18.6685654464,67206.8356071196,41759.7140471016,0.4621005693,179.7571214577,69129260.893067391,42954930.8723403558,False,
{'self': 'http://api.nasa.gov/neo/rest/v1/neo/3781594?api_key=XwVHPFh2zHGkoQZ3QmLtDqyncNjhdloY07lr9868'},2023-08-20,3781594,3781594,(2017 SN2),https://ssd.jpl.nasa.gov/tools/sbdb_lookup.html#/?sstr=3781594,21.1,0.160160338,0.358129403,160.1603379786,358.1294030194,0.0995189894,0.2225312253,525.4604432536,1174.9652706022,True,2023-08-20,2023-Aug-20 03:34,1692502440000,Earth,19.9071551466,71665.758527616,44530.3153473401,0.4839793707,188.2679752023,72402282.980660409,44988692.4907912842,False,
{'self': 'http://api.nasa.gov/neo/rest/v1/neo/3837973?api_key=XwVHPFh2zHGkoQZ3QmLtDqyncNjhdloY07lr9868'},2023-08-20,3837973,3837973,(2019 BO1),https://ssd.jpl.nasa.gov/tools/sbdb_lookup.html#/?sstr=3837973,19.66,0.3108529381,0.6950883007,310.8529381331,695.0883006711,0.193155001,0.4319077125,1019.8587535445,2280.4735003738,False,2023-08-20,2023-Aug-20 08:20,1692519600000,Earth,12.8102834005,46117.0202416729,28655.3229384995,0.3925206556,152.6905350284,58720254.008763572,36487073.9129464136,False,
{'self': 'http://api.nasa.gov/neo/rest/v1/neo/54128962?api_key=XwVHPFh2zHGkoQZ3QmLtDqyncNjhdloY07lr9868'},2023-08-20,54128962,54128962,(2019 FN23),https://ssd.jpl.nasa.gov/tools/sbdb_lookup.html#/?sstr=54128962,24.53,0.0330031183,0.0737972161,33.0031183358,73.7972160683,0.0205071806,0.0458554499,108.2779507608,242.1168583656,False,2023-08-20,2023-Aug-20 05:05,1692507900000,Earth,2.6366442709,9491.9193750753,5897.9095694739,0.1929271188,75.0486492132,28861486.037716956,17933695.8273117528,False,
{'self': 'http://api.nasa.gov/neo/rest/v1/neo/2613403?api_key=XwVHPFh2zHGkoQZ3QmLtDqyncNjhdloY07lr9868'},2023-08-20,2613403,2613403,613403 (2006 GB),https://ssd.jpl.nasa.gov/tools/sbdb_lookup.html#/?sstr=2613403,20.23,0.2390864572,0.5346135707,239.0864571707,534.6135707332,0.148561391,0.3321933691,784.4044121439,1753.9815874044,True,2023-08-20,2023-Aug-20 07:19,1692515940000,Earth,8.0886321454,29119.0757235241,18093.4612460975,0.1282836488,49.9023393832,19190960.616308056,11924709.9708249328,False,
{'self': 'http://api.nasa.gov/neo/rest/v1/neo/54353706?api_key=XwVHPFh2zHGkoQZ3QmLtDqyncNjhdloY07lr9868'},2023-08-20,54353706,54353706,(2023 GE),https://ssd.jpl.nasa.gov/tools/sbdb_lookup.html#/?sstr=54353706,27.53,0.0082900085,0.0185370226,8.2900085145,18.5370225725,0.0051511709,0.0115183683,27.1981915348,60.8170051368,False,2023-08-20,2023-Aug-20 12:04,1692533040000,Earth,5.9345668933,21364.4408157605,13275.0326835485,0.4922226432,191.4746082048,73635458.988489984,45754952.5301064192,True,http://api.nasa.gov/neo/rest/v1/neo/sentry/54353706?api_key=XwVHPFh2zHGkoQZ3QmLtDqyncNjhdloY07lr9868
{'self': 'http://api.nasa.gov/neo/rest/v1/neo/54377192?api_key=XwVHPFh2zHGkoQZ3QmLtDqyncNjhdloY07lr9868'},2023-08-20,54377192,54377192,(2023 QR),https://ssd.jpl.nasa.gov/tools/sbdb_lookup.html#/?sstr=54377192,29.31,0.0036522036,0.0081665754,3.6522035696,8.1665754493,0.0022693734,0.0050744732,11.9822955592,26.7932273969,False,2023-08-20,2023-Aug-20 20:21,1692562860000,Earth,20.8790558316,75164.600993764,46704.3599897085,0.0013877464,0.5398333496,207603.905540168,128999.0851355984,True,http://api.nasa.gov/neo/rest/v1/neo/sentry/54377192?api_key=XwVHPFh2zHGkoQZ3QmLtDqyncNjhdloY07lr9868
{'self': 'http://api.nasa.gov/neo/rest/v1/neo/54382910?api_key=XwVHPFh2zHGkoQZ3QmLtDqyncNjhdloY07lr9868'},2023-08-20,54382910,54382910,(2023 RS9),https://ssd.jpl.nasa.gov/tools/sbdb_lookup.html#/?sstr=54382910,22.52,0.0832827346,0.1862258558,83.2827345523,186.225855811,0.0517494761,0.1157153463,273.2373268286,610.9772367791,False,2023-08-20,2023-Aug-20 12:38,1692535080000,Earth,7.6589276692,27572.1396090601,17132.2553031963,0.2284929729,88.8837664581,34182062.055807723,21239748.4612556574,False,
{'self': 'http://api.nasa.gov/neo/rest/v1/neo/54419808?api_key=XwVHPFh2zHGkoQZ3QmLtDqyncNjhdloY07lr9868'},2023-08-20,54419808,54419808,(2024 AD3),https://ssd.jpl.nasa.gov/tools/sbdb_lookup.html#/?sstr=54419808,20.93,0.1732028271,0.3872932954,173.2028271414,387.2932953833,0.1076232139,0.2406528222,568.2507633985,1270.6473352252,False,2023-08-20,2023-Aug-20 17:49,1692553740000,Earth,13.6982318987,49313.6348352304,30641.5749341463,0.2255195078,87.7270885342,33737238.010328386,20963347.6162722868,False,
{'self': 'http://api.nasa.gov/neo/rest/v1/neo/2674590?api_key=XwVHPFh2zHGkoQZ3QmLtDqyncNjhdloY07lr9868'},2023-08-20,2674590,2674590,674590 (2015 RH2),https://ssd.jpl.nasa.gov/tools/sbdb_lookup.html#/?sstr=2674590,22.0,0.1058168859,0.2366137501,105.8168859331,236.6137501138,0.0657515442,0.1470249225,347.1682720448,776.2918559233,True,2023-08-20,2023-Aug-20 17:02,1692550920000,Earth,6.5269666102,23497.0797968505,14600.1716104375,0.3684843873,143.3404266597,55124479.468335051,34252763.2198876638,False,
{'self': 'http://api.nasa.gov/neo/rest/v1/neo/3274304?api_key=XwVHPFh2zHGkoQZ3QmLtDqyncNjhdloY07lr9868'},2023-08-21,3274304,3274304,(2005 EY169),https://ssd.jpl.nasa.gov/tools/sbdb_lookup.html#/?sstr=3274304,22.29,0.0925880583,0.2070331923,92.5880583366,207.0331923453,0.0575315344,0.1286444218,303.766605313,679.2427787741,False,2023-08-21,2023-Aug-21 05:05,1692594300000,Earth,11.177992775,40240.7739898391,25004.0520382975,0.3963316818,154.1730242202,59290375.410797766,36841330.9250545308,False,
{'self': 'http://api.nasa.gov/neo/rest/v1/neo/3467218?api_key=XwVHPFh2zHGkoQZ3QmLtDqyncNjhdloY07lr9868'},2023-08-21,3467218,3467218,(2009 SY),https://ssd.jpl.nasa.gov/tools/sbdb_lookup.html#/?sstr=3467218,22.99,0.0670741189,0.1499822895,67.0741189325,149.9822894641,0.0416779124,0.0931946452,220.0594523586,492.0678945652,False,2023-08-21,2023-Aug-21 10:15,1692612900000,Earth,11.2142987133,40371.4753677911,25085.2647917255,0.2027245074,78.8598333786,30327154.503839238,18844419.9813199644,False,
{'self': 'http://api.nasa.gov/neo/rest/v1/neo/3662879?api_key=XwVHPFh2zHGkoQZ3QmLtDqyncNjhdloY07lr9868'},2023-08-21,3662879,3662879,(2014 DV110),https://ssd.jpl.nasa.gov/tools/sbdb_lookup.html#/?sstr=3662879,24.9,0.0278326768,0.0622357573,27.8326768072,62.2357573367,0.0172944182,0.0386714948,91.3145593761,204.1855621004,False,2023-08-21,2023-Aug-21 11:31,1692617460000,Earth,13.223608969,47604.9922884202,29579.8909027686,0.402500369,156.572643541,60213197.87661403,37414746.215692414,False,
{'self': 'http://api.nasa.gov/neo/rest/v1/neo/3825018?api_key=XwVHPFh2zHGkoQZ3QmLtDqyncNjhdloY07lr9868'},2023-08-21,3825018,3825018,(2018 KD2),https://ssd.jpl.nasa.gov/tools/sbdb_lookup.html#/?sstr=3825018,25.73,0.0189913123,0.0424658654,18.9913123471,42.46586539,0.0118006507,0.0263870572,62.3074572008,139.3237098062,False,2023-08-21,2023-Aug-21 12:14,1692620040000,Earth,12.8796237078,46366.6453479716,28810.4302719105,0.0585879589,22.7907160121,8764633.859087543,5446090.9414443734,False,
{'self': 'http://api.nasa.gov/neo/rest/v1/neo/3840765?api_key=XwVHPFh2zHGkoQZ3QmLtDqyncNjhdloY07lr9868'},2023-08-21,3840765,3840765,(2019 GJ),https://ssd.jpl.nasa.gov/tools/sbdb_lookup.html#/?sstr=3840765,24.33,0.0361871997,0.0809170384,36.1871996599,80.917038355,0.0224856764,0.050279501,118.7244121323,265.4758561166,False,2023-08-21,2023-Aug-21 23:30,1692660600000,Earth,10.0552737127,36198.9853658143,22492.6417679972,0.1848776855,71.9174196595,27657307.961329885,17185454.267067013,False,
{'self': 'http://api.nasa.gov/neo/rest/v1/neo/3842623?api_key=XwVHPFh2zHGkoQZ3QmLtDqyncNjhdloY07lr9868'},2023-08-21,3842623,3842623,(2019 KK3),https://ssd.jpl.nasa.gov/tools/sbdb_lookup.html#/?sstr=3842623,27.1,0.0101054342,0.0225964377,10.1054341542,22.5964377109,0.0062792237,0.0140407711,33.1543125905,74.1352966996,False,2023-08-21,2023-Aug-21 12:31,1692621060000,Earth,5.2305853937,18830.1074171687,11700.2964670735,0.3371202974,131.1397956886,50432478.424806538,31337288.9637767044,False,
{'self': 'http://api.nasa.gov/neo/rest/v1/neo/54145076?api_key=XwVHPFh2zHGkoQZ3QmLtDqyncNjhdloY07lr9868'},2023-08-21,54145076,54145076,(2021 JN5),https://ssd.jpl.nasa.gov/tools/sbdb_lookup.html#/?sstr=54145076,18.56,0.5158874663,1.1535594433,515.8874662642,1153.5594433068,0.3205575108,0.7167883848,1692.5442348181,3784.6439639787,False,2023-08-21,2023-Aug-21 07:13,1692601980000,Earth,28.180813397,101450.9282292256,63037.6614877652,0.3235998419,125.8803384991,48409847.080576753,30080484.1252870714,False,
{'self': 'http://api.nasa.gov/neo/rest/v1/neo/54266166?api_key=XwVHPFh2zHGkoQZ3QmLtDqyncNjhdloY07lr9868'},2023-08-21,54266166,54266166,(2022 BY39),https://ssd.jpl.nasa.gov/tools/sbdb_lookup.html#/?sstr=54266166,29.93,0.0027450798,0.0061381851,2.7450798165,6.1381850734,0.001705713,0.0038140902,9.0061676652,20.1384031162,False,2023-08-21,2023-Aug-21 08:55,1692608100000,Earth,2.2363523856,8050.8685882208,5002.4966513864,0.0687157555,26.7304288895,10279730.658240785,6387528.437401433,True,http://api.nasa.gov/neo/rest/v1/neo/sentry/54266166?api_key=XwVHPFh2zHGkoQZ3QmLtDqyncNjhdloY07lr9868
{'self': 'http://api.nasa.gov/neo/rest/v1/neo/54376902?api_key=XwVHPFh2zHGkoQZ3QmLtDqyncNjhdloY07lr9868'},2023-08-21,54376902,54376902,(2023 PC1),https://ssd.jpl.nasa.gov/tools/sbdb_lookup.html#/?sstr=54376902,22.18,0.0973991073,0.217791025,97.3991073414,217.7910249632,0.0605209807,0.135329027,319.5508873299,714.5375063401,False,2023-08-21,2023-Aug-21 06:23,1692598980000,Earth,27.6179160284,99424.4977021572,61778.5163638765,0.0624755232,24.3029785248,9346205.197855584,5807462.6143276992,False,
{'self': 'http://api.nasa.gov/neo/rest/v1/neo/54376930?api_key=XwVHPFh2zHGkoQZ3QmLtDqyncNjhdloY07lr9868'},2023-08-21,54376930,54376930,(2023 PM1),https://ssd.jpl.nasa.gov/tools/sbdb_lookup.html#/?sstr=54376930,23.62,0.0501828101,0.1122121746,50.182810059,112.2121745938,0.0311821429,0.0697253911,164.6417705539,368.1501908944,False,2023-08-21,2023-Aug-21 16:22,1692634920000,Earth,18.5654571285,66835.6456627037,41529.0710508061,0.02090387,8.13160543,3127174.4267569,1943136.08436922,False,
{'self': 'http://api.nasa.gov/neo/rest/v1/neo/54376987?api_key=XwVHPFh2zHGkoQZ3QmLtDqyncNjhdloY07lr9868'},2023-08-21,54376987,54376987,(2023 QE),https://ssd.jpl.nasa.gov/tools/sbdb_lookup.html#/?sstr=54376987,27.39,0.0088420909,0.0197715164,8.8420909266,19.771516375,0.0054942189,0.0122854469,29.0094855955,64.8671817838,False,2023-08-21,2023-Aug-21 04:53,1692593580000,Earth,6.5392575844,23541.3273036656,14627.665290436,0.022178103,8.627282067,3317796.96944061,2061583.439916018,False,
{'self': 'http://api.nasa.gov/neo/rest/v1/neo/54377387?api_key=XwVHPFh2zHGkoQZ3QmLtDqyncNjhdloY07lr9868'},2023-08-21,54377387,54377387,(2023 QB1),https://ssd.jpl.nasa.gov/tools/sbdb_lookup.html#/?sstr=54377387,28.95,0.0043107712,0.0096391775,4.3107712388,9.6391775254,0.0026785882,0.0059895054,14.142950711,31.6245991923,False,2023-08-21,2023-Aug-21 23:10,1692659400000,Earth,11.2902551174,40644.9184225882,25255.1716720798,0.0046767731,1.8192647359,699635.294233297,434733.2129896186,False,
{'self': 'http://api.nasa.gov/neo/rest/v1/neo/54378337?api_key=XwVHPFh2zHGkoQZ3QmLtDqyncNjhdloY07lr9868'},2023-08-21,54378337,54378337,(2023 QV4),https://ssd.jpl.nasa.gov/tools/sbdb_lookup.html#/?sstr=54378337,23.32,0.0576175751,0.1288368146,57.6175751061,128.836814636,0.0358018903,0.0800554603,189.0340451111,422.6929749302,False,2023-08-21,2023-Aug-21 16:23,1692634980000,Earth,7.9349151321,28565.6944754326,17749.6116589153,0.099340662,38.643517518,14861151.43958994,9234291.304783572,False,
{'self': 'http://api.nasa.gov/neo/rest/v1/neo/54381334?api_key=XwVHPFh2zHGkoQZ3QmLtDqyncNjhdloY07lr9868'},2023-08-21,54381334,54381334,(2023 QU18),https://ssd.jpl.nasa.gov/tools/sbdb_lookup.html#/?sstr=54381334,21.99,0.1063053145,0.2377059096,106.3053144865,237.7059095613,0.0660550396,0.1477035587,348.7707279799,779.8750563251,False,2023-08-21,2023-Aug-21 17:22,1692638520000,Earth,8.2823064022,29816.3030480178,18526.6911911419,0.3075183279,119.6246295531,46004086.839801573,28585614.0297167874,False,
{'self': 'http://api.nasa.gov/neo/rest/v1/neo/54418496?api_key=XwVHPFh2zHGkoQZ3QmLtDqyncNjhdloY07lr9868'},2023-08-21,54418496,54418496,(2023 YV1),https://ssd.jpl.nasa.gov/tools/sbdb_lookup.html#/?sstr=54418496,23.68,0.0488151892,0.1091540813,48.8151891662,109.1540813101,0.0303323429,0.0678251807,160.154825224,358.1170761255,False,2023-08-21,2023-Aug-21 04:32,1692592320000,Earth,6.4646855872,23272.8681137958,14460.8551899305,0.2410728894,93.7773539766,36063990.768985578,22409124.7389258564,False,
{'self': 'http://api.nasa.gov/neo/rest/v1/neo/54431502?api_key=XwVHPFh2zHGkoQZ3QmLtDqyncNjhdloY07lr9868'},2023-08-21,54431502,54431502,(2024 FK1),https://ssd.jpl.nasa.gov/tools/sbdb_lookup.html#/?sstr=54431502,26.14,0.0157237082,0.0351592805,15.7237082364,35.1592804749,0.0097702563,0.0218469573,51.5869709303,115.3519737534,False,2023-08-21,2023-Aug-21 20:37,1692650220000,Earth,8.2068447496,29544.641098582,18357.8910203939,0.2418355561,94.0740313229,36178084.082825507,22480019.0367337166,False,
{'self': 'http://api.nasa.gov/neo/rest/v1/neo/2004769?api_key=XwVHPFh2zHGkoQZ3QmLtDqyncNjhdloY07lr9868'},2023-08-22,2004769,2004769,4769 Castalia (1989 PB),https://ssd.jpl.nasa.gov/tools/sbdb_lookup.html#/?sstr=2004769,17.5,0.8405334021,1.8794898244,840.5334020728,1879.4898243938,0.5222830806,1.1678604717,2757.6556068564,6166.3053954643,True,2023-08-22,2023-Aug-22 09:21,1692696060000,Earth,18.1974469864,65510.8091509457,40705.8691638196,0.1100262303,42.8002035867,16459689.697009461,10227576.9186781218,False,
{'self': 'http://api.nasa.gov/neo/rest/v1/neo/2414800?api_key=XwVHPFh2zHGkoQZ3QmLtDqyncNjhdloY07lr9868'},2023-08-22,2414800,2414800,414800 (2010 SV3),https://ssd.jpl.nasa.gov/tools/sbdb_lookup.html#/?sstr=2414800,20.73,0.1899131235,0.4246586539,189.9131234709,424.6586539002,0.1180065074,0.2638705724,623.0745720082,1393.2370980619,False,2023-08-22,2023-Aug-22 08:27,1692692820000,Earth,14.9092648572,53673.3534860795,33350.5345591698,0.0907023246,35.2832042694,13568874.564208602,8431307.6892666276,False,
{'self': 'http://api.nasa.gov/neo/rest/v1/neo/3444275?api_key=XwVHPFh2zHGkoQZ3QmLtDqyncNjhdloY07lr9868'},2023-08-22,3444275,3444275,(2009 AE16),https://ssd.jpl.nasa.gov/tools/sbdb_lookup.html#/?sstr=3444275,18.78,0.4661814374,1.0424133839,466.1814373895,1042.4133838516,0.2896716259,0.6477254467,1529.4667070451,3419.9915262756,True,2023-08-22,2023-Aug-22 12:05,1692705900000,Earth,37.8195699906,136150.4519662306,84598.596112017,0.2813994821,109.4643985369,42096763.141263127,26157715.6665880726,False,
{'self': 'http://api.nasa.gov/neo/rest/v1/neo/3576726?api_key=XwVHPFh2zHGkoQZ3QmLtDqyncNjhdloY07lr9868'},2023-08-22,3576726,3576726,(2011 QG21),https://ssd.jpl.nasa.gov/tools/sbdb_lookup.html#/?sstr=3576726,21.71,0.1209358264,0.2704207287,120.9358263879,270.4207287184,0.0751460154,0.1680315986,396.7710966464,887.2071436085,False,2023-08-22,2023-Aug-22 21:42,1692740520000,Earth,23.9744375035,86307.9750125168,53628.4192515275,0.2954313265,114.9227860085,44195897.175674555,27462057.072456659,False,
{'self': 'http://api.nasa.gov/neo/rest/v1/neo/3659804?api_key=XwVHPFh2zHGkoQZ3QmLtDqyncNjhdloY07lr9868'},2023-08-22,3659804,3659804,(2014 BA33),https://ssd.jpl.nasa.gov/tools/sbdb_lookup.html#/?sstr=3659804,21.87,0.1123453177,0.2512117673,112.3453176718,251.2117672679,0.0698081224,0.156095707,368.5870120303,824.1856145234,False,2023-08-22,2023-Aug-22 22:59,1692745140000,Earth,27.6046587061,99376.7713418113,61748.8610595827,0.4164897264,162.0145035696,62305975.946322768,38715138.2082314784,False,
{'self': 'http://api.nasa.gov/neo/rest/v1/neo/54115837?api_key=XwVHPFh2zHGkoQZ3QmLtDqyncNjhdloY07lr9868'},2023-08-22,54115837,54115837,(2021 CA6),https://ssd.jpl.nasa.gov/tools/sbdb_lookup.html#/?sstr=54115837,28.55,0.0051826869,0.0115888403,5.1826869462,11.5888403177,0.0032203714,0.0072009693,17.0035666404,38.0211308679,False,2023-08-22,2023-Aug-22 15:58,1692719880000,Earth,14.4872684609,52154.1664593635,32406.5708202639,0.3015907898,117.3188172322,45117339.765697726,28034614.9480355788,True,http://api.nasa.gov/neo/rest/v1/neo/sentry/54115837?api_key=XwVHPFh2zHGkoQZ3QmLtDqyncNjhdloY07lr9868
{'self': 'http://api.nasa.gov/neo/rest/v1/neo/54193345?api_key=XwVHPFh2zHGkoQZ3QmLtDqyncNjhdloY07lr9868'},2023-08-22,54193345,54193345,(2021 RZ3),https://ssd.jpl.nasa.gov/tools/sbdb_lookup.html#/?sstr=54193345,27.33,0.0090898136,0.0203254411,9.089813582,20.3254410722,0.0056481466,0.0126296396,29.8222239924,66.6845200873,False,2023-08-22,2023-Aug-22 23:12,1692745920000,Earth,7.4888874092,26959.9946729503,16751.892245534,0.1889111885,73.4864523265,28260711.418768495,17560391.789435431,False,
{'self': 'http://api.nasa.gov/neo/rest/v1/neo/54376834?api_key=XwVHPFh2zHGkoQZ3QmLtDqyncNjhdloY07lr9868'},2023-08-22,54376834,54376834,(2023 PM),https://ssd.jpl.nasa.gov/tools/sbdb_lookup.html#/?sstr=54376834,23.98,0.0425162524,0.0950692305,42.5162524006,95.0692305162,0.0264183663,0.0590732628,139.4890215259,311.9069342469,False,2023-08-22,2023-Aug-22 03:59,1692676740000,Earth,6.9675324659,25083.116877207,15585.6733729512,0.0243862328,9.4862445592,3648128.484204136,2266841.9252276368,False,
{'self': 'http://api.nasa.gov/neo/rest/v1/neo/54377385?api_key=XwVHPFh2zHGkoQZ3QmLtDqyncNjhdloY07lr9868'},2023-08-22,54377385,54377385,(2023 QZ),https://ssd.jpl.nasa.gov/tools/sbdb_lookup.html#/?sstr=54377385,26.91,0.0110294785,0.0246626636,11.0294784532,24.6626635778,0.0068533981,0.0153246639,36.1859540885,80.9142531725,False,2023-08-22,2023-Aug-22 08:15,1692692100000,Earth,4.5081628765,16229.3863553647,10084.3095384209,0.0346213145,13.4676913405,5179274.905800115,3218252.194126987,False,
{'self': 'http://api.nasa.gov/neo/rest/v1/neo/54377566?api_key=XwVHPFh2zHGkoQZ3QmLtDqyncNjhdloY07lr9868'},2023-08-22,54377566,54377566,(2023 QU1),https://ssd.jpl.nasa.gov/tools/sbdb_lookup.html#/?sstr=54377566,26.16,0.0155795524,0.0348369383,15.5795524128,34.836938254,0.0096806821,0.0216466632,51.114018738,114.2944205013,False,2023-08-22,2023-Aug-22 18:10,1692727800000,Earth,5.7347491647,20645.0969929746,12828.0604065514,0.0419446205,16.3164573745,6274825.884758335,3898996.005941623,False,
{'self': 'http://api.nasa.gov/neo/rest/v1/neo/54377964?api_key=XwVHPFh2zHGkoQZ3QmLtDqyncNjhdloY07lr9868'},2023-08-22,54377964,54377964,(2023 QX3),https://ssd.jpl.nasa.gov/tools/sbdb_lookup.html#/?sstr=54377964,25.24,0.0237987955,0.0532157244,23.7987954683,53.2157244498,0.0147878813,0.0330667079,78.0800401242,174.5922774037,False,2023-08-22,2023-Aug-22 12:57,1692709020000,Earth,7.0137383783,25249.458161853,15689.0313784025,0.0825967959,32.1301536051,12356304.735464733,7677851.7359019954,False,
{'self': 'http://api.nasa.gov/neo/rest/v1/neo/54378523?api_key=XwVHPFh2zHGkoQZ3QmLtDqyncNjhdloY07lr9868'},2023-08-22,54378523,54378523,(2023 QO5),https://ssd.jpl.nasa.gov/tools/sbdb_lookup.html#/?sstr=54378523,26.89,0.011131533,0.0248908644,11.1315329608,24.8908643942,0.0069168118,0.0154664613,36.5207785992,81.6629435391,False,2023-08-22,2023-Aug-22 02:14,1692670440000,Earth,8.269188086,29769.0771094529,18497.346829482,0.0035990443,1.4000282327,538409.361315641,334552.0637362058,False,
{'self': 'http://api.nasa.gov/neo/rest/v1/neo/54379768?api_key=XwVHPFh2zHGkoQZ3QmLtDqyncNjhdloY07lr9868'},2023-08-22,54379768,54379768,(2023 RC),https://ssd.jpl.nasa.gov/tools/sbdb_lookup.html#/?sstr=54379768,23.39,0.0557898221,0.1247498347,55.7898221067,124.7498346832,0.0346661776,0.0775159295,183.0374799606,409.2842476221,False,2023-08-22,2023-Aug-22 20:39,1692736740000,Earth,8.8460494802,31845.7781287285,19787.7280822647,0.1013945836,39.4424930204,15168413.736096932,9425215.2425723816,False,
{'self': 'http://api.nasa.gov/neo/rest/v1/neo/54381325?api_key=XwVHPFh2zHGkoQZ3QmLtDqyncNjhdloY07lr9868'},2023-08-22,54381325,54381325,(2023 RJ3),https://ssd.jpl.nasa.gov/tools/sbdb_lookup.html#/?sstr=54381325,21.02,0.1661709017,0.3715694322,166.1709017398,371.5694321726,0.1032537794,0.2308824696,545.1801412639,1219.0598558491,True,2023-08-22,2023-Aug-22 09:56,1692698160000,Earth,15.5117201734,55842.1926240676,34698.1668557713,0.1779286036,69.2142268004,26617740.110634332,16539496.7580925016,False,
{'self': 'http://api.nasa.gov/neo/rest/v1/neo/54383805?api_key=XwVHPFh2zHGkoQZ3QmLtDqyncNjhdloY07lr9868'},2023-08-22,54383805,54383805,(2023 RM15),https://ssd.jpl.nasa.gov/tools/sbdb_lookup.html#/?sstr=54383805,25.02,0.0263363131,0.0588897864,26.3363130952,58.8897863577,0.0163646212,0.0365924054,86.4052294554,193.2079666738,False,2023-08-22,2023-Aug-22 05:38,1692682680000,Earth,4.3991712489,15837.0164959078,9840.5061665823,0.1112065317,43.2593408313,16636260.272407479,10337292.7866380502,False,
{'self': 'http://api.nasa.gov/neo/rest/v1/neo/54384225?api_key=XwVHPFh2zHGkoQZ3QmLtDqyncNjhdloY07lr9868'},2023-08-22,54384225,54384225,(2023 RU19),https://ssd.jpl.nasa.gov/tools/sbdb_lookup.html#/?sstr=54384225,21.92,0.109788026,0.2454934893,109.788026029,245.4934893163,0.0682190955,0.1525425349,360.1969473169,805.4248594886,False,2023-08-22,2023-Aug-22 14:12,1692713520000,Earth,5.7138069678,20569.7050839525,12781.2148061926,0.2581198332,100.4086151148,38614177.251475284,23993737.1396915592,False,
{'self': 'http://api.nasa.gov/neo/rest/v1/neo/2006037?api_key=XwVHPFh2zHGkoQZ3QmLtDqyncNjhdloY07lr9868'},2023-08-23,2006037,2006037,6037 (1988 EG),https://ssd.jpl.nasa.gov/tools/sbdb_lookup.html#/?sstr=2006037,18.87,0.4472547654,1.0000920588,447.2547654325,1000.0920587679,0.2779111409,0.6214282026,1467.3713246217,3281.1420300879,True,2023-08-23,2023-Aug-23 08:18,1692778680000,Earth,14.2524952446,51308.9828805946,31881.4066126672,0.0406522357,15.8137196873,6081487.871457959,3778861.3351954742,False,
{'self': 'http://api.nasa.gov/neo/rest/v1/neo/2277810?api_key=XwVHPFh2zHGkoQZ3QmLtDqyncNjhdloY07lr9868'},2023-08-23,2277810,2277810,277810 (2006 FV35),https://ssd.jpl.nasa.gov/tools/sbdb_lookup.html#/?sstr=2277810,21.72,0.1203801767,0.2691782583,120.3801767384,269.1782583305,0.0748007508,0.1672595636,394.9480990504,883.1307970609,False,2023-08-23,2023-Aug-23 23:07,1692832020000,Earth,14.7078889939,52948.4003781145,32900.0768905012,0.3797601903,147.7267140267,56811315.579674661,35300914.5760498818,False,
{'self': 'http://api.nasa.gov/neo/rest/v1/neo/3325676?api_key=XwVHPFh2zHGkoQZ3QmLtDqyncNjhdloY07lr9868'},2023-08-23,3325676,3325676,(2006 EF1),https://ssd.jpl.nasa.gov/tools/sbdb_lookup.html#/?sstr=3325676,22.92,0.0692715614,0.1548959201,69.271561359,154.8959201062,0.0430433394,0.0962478328,227.268909369,508.1887305212,False,2023-08-23,2023-Aug-23 18:26,1692815160000,Earth,11.2600285956,40536.1029439843,25187.5579653885,0.0494598154,19.2398681906,7399083.034433198,4597577.0051182124,False,
{'self': 'http://api.nasa.gov/neo/rest/v1/neo/3430309?api_key=XwVHPFh2zHGkoQZ3QmLtDqyncNjhdloY07lr9868'},2023-08-23,3430309,3430309,(2008 TC4),https://ssd.jpl.nasa.gov/tools/sbdb_lookup.html#/?sstr=3430309,21.65,0.1243240006,0.2779969165,124.3240005541,277.9969164738,0.0772513285,0.172739222,407.887153978,912.0634034438,True,2023-08-23,2023-Aug-23 21:59,1692827940000,Earth,22.8452892132,82243.0411674422,51102.6274409588,0.3054098836,118.8044447204,45688668.063507932,28389621.8904041816,False,
{'self': 'http://api.nasa.gov/neo/rest/v1/neo/3633189?api_key=XwVHPFh2zHGkoQZ3QmLtDqyncNjhdloY07lr9868'},2023-08-23,3633189,3633189,(2013 FY13),https://ssd.jpl.nasa.gov/tools/sbdb_lookup.html#/?sstr=3633189,20.56,0.2053784995,0.459240286,205.3784995184,459.2402860401,0.1276162436,0.2853585958,673.8139963601,1506.6939000519,False,2023-08-23,2023-Aug-23 03:18,1692760680000,Earth,7.3499491541,26459.8169547044,16441.1012627717,0.3959656406,154.0306341934,59235616.426945522,36807305.2702793236,False,
{'self': 'http://api.nasa.gov/neo/rest/v1/neo/3726013?api_key=XwVHPFh2zHGkoQZ3QmLtDqyncNjhdloY07lr9868'},2023-08-23,3726013,3726013,(2015 OB79),https://ssd.jpl.nasa.gov/tools/sbdb_lookup.html#/?sstr=3726013,23.17,0.061738344,0.1380511341,61.7383440472,138.0511341077,0.0383624166,0.0857809713,202.5536286837,452.9236828261,False,2023-08-23,2023-Aug-23 02:54,1692759240000,Earth,1.7007377251,6122.6558103967,3804.380217299,0.2047326848,79.6410143872,30627573.565461376,19031091.7301279488,False,
{'self': 'http://api.nasa.gov/neo/rest/v1/neo/3735599?api_key=XwVHPFh2zHGkoQZ3QmLtDqyncNjhdloY07lr9868'},2023-08-23,3735599,3735599,(2015 WA13),https://ssd.jpl.nasa.gov/tools/sbdb_lookup.html#/?sstr=3735599,26.1,0.0160160338,0.0358129403,16.0160337979,35.8129403019,0.0099518989,0.0222531225,52.5460443254,117.4965270602,False,2023-08-23,2023-Aug-23 21:11,1692825060000,Earth,6.2139457751,22370.2047902436,13899.9753042488,0.4815202344,187.3113711816,72034401.428140728,44760101.4939609264,False,
{'self': 'http://api.nasa.gov/neo/rest/v1/neo/3842940?api_key=XwVHPFh2zHGkoQZ3QmLtDqyncNjhdloY07lr9868'},2023-08-23,3842940,3842940,(2019 MH1),https://ssd.jpl.nasa.gov/tools/sbdb_lookup.html#/?sstr=3842940,24.71,0.0303777061,0.0679266159,30.3777061387,67.9266159267,0.0188758256,0.0422076293,99.6643934081,222.8563585969,False,2023-08-23,2023-Aug-23 01:14,1692753240000,Earth,24.7538184944,89113.7465796737,55371.81659002,0.40319593,156.84321677,60317252.3206691,37479402.64906958,False,
{'self': 'http://api.nasa.gov/neo/rest/v1/neo/3879712?api_key=XwVHPFh2zHGkoQZ3QmLtDqyncNjhdloY07lr9868'},2023-08-23,3879712,3879712,(2019 UW5),https://ssd.jpl.nasa.gov/tools/sbdb_lookup.html#/?sstr=3879712,19.3,0.3669061375,0.8204270649,366.9061375314,820.4270648822,0.2279848336,0.5097895857,1203.7603322587,2691.6899315481,False,2023-08-23,2023-Aug-23 13:48,1692798480000,Earth,4.1721624339,15019.7847621924,9332.7101484856,0.3139003322,122.1072292258,46958821.089412414,29178858.3833187532,False,
{'self': 'http://api.nasa.gov/neo/rest/v1/neo/54049769?api_key=XwVHPFh2zHGkoQZ3QmLtDqyncNjhdloY07lr9868'},2023-08-23,54049769,54049769,(2020 OH4),https://ssd.jpl.nasa.gov/tools/sbdb_lookup.html#/?sstr=54049769,23.7,0.0483676488,0.1081533507,48.3676488219,108.1533506775,0.0300542543,0.0672033557,158.6865169607,354.8338390368,False,2023-08-23,2023-Aug-23 22:55,1692831300000,Earth,15.70813556,56549.288015905,35137.5284341049,0.4314936147,167.8510161183,64550525.677720689,40109836.7382919482,False,
{'self': 'http://api.nasa.gov/neo/rest/v1/neo/2614134?api_key=XwVHPFh2zHGkoQZ3QmLtDqyncNjhdloY07lr9868'},2023-08-23,2614134,2614134,614134 (2008 TC4),https://ssd.jpl.nasa.gov/tools/sbdb_lookup.html#/?sstr=2614134,21.65,0.1243240006,0.2779969165,124.3240005541,277.9969164738,0.0772513285,0.172739222,407.887153978,912.0634034438,True,2023-08-23,2023-Aug-23 21:59,1692827940000,Earth,22.8452891948,82243.041101194,51102.6273997947,0.3054098832,118.8044445648,45688668.003668784,28389621.8532218592,False,
{'self': 'http://api.nasa.gov/neo/rest/v1/neo/54376990?api_key=XwVHPFh2zHGkoQZ3QmLtDqyncNjhdloY07lr9868'},2023-08-23,54376990,54376990,(2023 QF),https://ssd.jpl.nasa.gov/tools/sbdb_lookup.html#/?sstr=54376990,27.32,0.0091317703,0.020419259,9.1317702552,20.4192590455,0.0056742172,0.0126879354,29.959877124,66.9923218468,False,2023-08-23,2023-Aug-23 20:12,1692821520000,Earth,5.4351357628,19566.4887460282,12157.8551877751,0.0049382396,1.9209752044,738750.125709652,459038.0422391176,False,
{'self': 'http://api.nasa.gov/neo/rest/v1/neo/54377190?api_key=XwVHPFh2zHGkoQZ3QmLtDqyncNjhdloY07lr9868'},2023-08-23,54377190,54377190,(2023 QO),https://ssd.jpl.nasa.gov/tools/sbdb_lookup.html#/?sstr=54377190,26.96,0.0107784169,0.0241012728,10.7784168722,24.1012728161,0.0066973957,0.014975832,35.362261211,79.072419906,False,2023-08-23,2023-Aug-23 20:11,1692821460000,Earth,8.7924373502,31652.7744607841,19667.8031087022,0.0165438527,6.4355587003,2474925.125513749,1537847.1620737762,False,
{'self': 'http://api.nasa.gov/neo/rest/v1/neo/54377382?api_key=XwVHPFh2zHGkoQZ3QmLtDqyncNjhdloY07lr9868'},2023-08-23,54377382,54377382,(2023 QW),https://ssd.jpl.nasa.gov/tools/sbdb_lookup.html#/?sstr=54377382,25.97,0.0170041519,0.0380224396,17.0041519271,38.0224396088,0.0105658869,0.0236260413,55.7879018086,124.7455407661,False,2023-08-23,2023-Aug-23 14:37,1692801420000,Earth,16.3453413785,58843.2289625546,36562.8941295385,0.0107947984,4.1991765776,1614878.847719408,1003439.1858795104,False,
{'self': 'http://api.nasa.gov/neo/rest/v1/neo/54377571?api_key=XwVHPFh2zHGkoQZ3QmLtDqyncNjhdloY07lr9868'},2023-08-23,54377571,54377571,(2023 QW1),https://ssd.jpl.nasa.gov/tools/sbdb_lookup.html#/?sstr=54377571,23.95,0.0431077124,0.0963917753,43.1077123878,96.3917752536,0.0267858824,0.0598950538,141.4295071104,316.2459919231,False,2023-08-23,2023-Aug-23 22:11,1692828660000,Earth,12.9946741395,46780.8269023274,29067.7865827267,0.1416069217,55.0850925413,21184093.863576779,13163185.5418023902,False,
{'self': 'http://api.nasa.gov/neo/rest/v1/neo/54377845?api_key=XwVHPFh2zHGkoQZ3QmLtDqyncNjhdloY07lr9868'},2023-08-23,54377845,54377845,(2023 QS2),https://ssd.jpl.nasa.gov/tools/sbdb_lookup.html#/?sstr=54377845,25.15,0.0248058993,0.0554676771,24.8058993152,55.4676771118,0.0154136665,0.034466006,81.3841867092,181.9805737754,False,2023-08-23,2023-Aug-23 23:52,1692834720000,Earth,17.6468705382,63528.733937407,39474.2847068293,0.0322800724,12.5569481636,4829030.074485788,3000620.1476803544,False,
{'self': 'http://api.nasa.gov/neo/rest/v1/neo/54377957?api_key=XwVHPFh2zHGkoQZ3QmLtDqyncNjhdloY07lr9868'},2023-08-23,54377957,54377957,(2023 QQ3),https://ssd.jpl.nasa.gov/tools/sbdb_lookup.html#/?sstr=54377957,25.24,0.0237987955,0.0532157244,23.7987954683,53.2157244498,0.0147878813,0.0330667079,78.0800401242,174.5922774037,False,2023-08-23,2023-Aug-23 15:08,1692803280000,Earth,3.2581419295,11729.3109462924,7288.137682156,0.1345493385,52.3396926765,20128294.449508995,12507142.207034331,False,
{'self': 'http://api.nasa.gov/neo/rest/v1/neo/54378525?api_key=XwVHPFh2zHGkoQZ3QmLtDqyncNjhdloY07lr9868'},2023-08-23,54378525,54378525,(2023 QD6),https://ssd.jpl.nasa.gov/tools/sbdb_lookup.html#/?sstr=54378525,24.76,0.0296862251,0.0663804174,29.686225126,66.3804173771,0.0184461594,0.0412468663,97.3957548424,217.7835285475,False,2023-08-23,2023-Aug-23 08:23,1692778980000,Earth,10.5181020727,37865.1674616246,23527.9425263634,0.0954692867,37.1375525263,14282001.940739329,8874424.4934435802,False,
{'self': 'http://api.nasa.gov/neo/rest/v1/neo/54378779?api_key=XwVHPFh2zHGkoQZ3QmLtDqyncNjhdloY07lr9868'},2023-08-23,54378779,54378779,(2023 QC7),https://ssd.jpl.nasa.gov/tools/sbdb_lookup.html#/?sstr=54378779,23.22,0.0603330078,0.1349087066,60.3330077631,134.9087066453,0.0374891814,0.083828358,197.9429451894,442.61388111,False,2023-08-23,2023-Aug-23 04:26,1692764760000,Earth,7.5654736885,27235.705278444,16923.2080937087,0.0220708321,8.5855536869,3301749.471287627,2051611.9869461726,False,
{'self': 'http://api.nasa.gov/neo/rest/v1/neo/54385234?api_key=XwVHPFh2zHGkoQZ3QmLtDqyncNjhdloY07lr9868'},2023-08-23,54385234,54385234,(2023 QZ40),https://ssd.jpl.nasa.gov/tools/sbdb_lookup.html#/?sstr=54385234,23.2,0.0608912622,0.1361570015,60.8912622106,136.1570015386,0.0378360645,0.0846040122,199.7744887109,446.7093369279,False,2023-08-23,2023-Aug-23 16:35,1692808500000,Earth,4.3955983797,15824.1541668366,9832.5140154991,0.3181509063,123.7607025507,47594697.921049581,29573973.9247469778,False,
{'self': 'http://api.nasa.gov/neo/rest/v1/neo/54426077?api_key=XwVHPFh2zHGkoQZ3QmLtDqyncNjhdloY07lr9868'},2023-08-23,54426077,54426077,(2024 CO2),https://ssd.jpl.nasa.gov/tools/sbdb_lookup.html#/?sstr=54426077,26.84,0.0113908197,0.0254706471,11.3908196722,25.4706471064,0.007077925,0.0158267215,37.3714568132,83.5651178526,False,2023-08-23,2023-Aug-23 20:45,1692823500000,Earth,8.7703847964,31573.3852671967,19618.4737511645,0.386472664,150.337866296,57815487.34762568,35924877.979087184,False,
{'self': 'http://api.nasa.gov/neo/rest/v1/neo/2358744?api_key=XwVHPFh2zHGkoQZ3QmLtDqyncNjhdloY07lr9868'},2023-08-24,2358744,2358744,358744 (2008 CR118),https://ssd.jpl.nasa.gov/tools/sbdb_lookup.html#/?sstr=2358744,18.99,0.4232090797,0.9463242708,423.2090796502,946.324270793,0.262969849,0.5880184585,1388.4812768796,3104.7385205884,True,2023-08-24,2023-Aug-24 14:53,1692888780000,Earth,12.704841441,45737.4291877228,28419.4598194492,0.0580274478,22.5726771942,8680782.592416186,5393988.1803719268,False,
{'self': 'http://api.nasa.gov/neo/rest/v1/neo/3364161?api_key=XwVHPFh2zHGkoQZ3QmLtDqyncNjhdloY07lr9868'},2023-08-24,3364161,3364161,(2006 YV1),https://ssd.jpl.nasa.gov/tools/sbdb_lookup.html#/?sstr=3364161,21.59,0.1278070988,0.285785361,127.8070988179,285.7853609639,0.0794156248,0.1775787355,419.3146420858,937.6160436649,False,2023-08-24,2023-Aug-24 16:40,1692895200000,Earth,12.7733885509,45984.1987832357,28572.7928495055,0.2985533619,116.1372577791,44662947.021579153,27752268.3894241914,False,
{'self': 'http://api.nasa.gov/neo/rest/v1/neo/3989150?api_key=XwVHPFh2zHGkoQZ3QmLtDqyncNjhdloY07lr9868'},2023-08-24,3989150,3989150,(2020 BL6),https://ssd.jpl.nasa.gov/tools/sbdb_lookup.html#/?sstr=3989150,25.0,0.02658,0.0594346868,26.58,59.4346868419,0.0165160412,0.0369309908,87.2047272,194.9956979785,False,2023-08-24,2023-Aug-24 07:48,1692863280000,Earth,15.7231361934,56603.2902962771,35171.0833510395,0.4192526483,163.0892801887,62719303.177539121,38971967.8403610298,False,
{'self': 'http://api.nasa.gov/neo/rest/v1/neo/54051399?api_key=XwVHPFh2zHGkoQZ3QmLtDqyncNjhdloY07lr9868'},2023-08-24,54051399,54051399,(2020 QU5),https://ssd.jpl.nasa.gov/tools/sbdb_lookup.html#/?sstr=54051399,25.68,0.0194336768,0.0434550225,19.433676839,43.4550224647,0.0120755232,0.0270016908,63.7587843204,142.5689759032,False,2023-08-24,2023-Aug-24 14:53,1692888780000,Earth,24.4831026723,88139.1696203264,54766.2523676967,0.3079478562,119.7917160618,46068343.358586294,28625541.1790430972,False,
{'self': 'http://api.nasa.gov/neo/rest/v1/neo/54053825?api_key=XwVHPFh2zHGkoQZ3QmLtDqyncNjhdloY07lr9868'},2023-08-24,54053825,54053825,(2020 RH2),https://ssd.jpl.nasa.gov/tools/sbdb_lookup.html#/?sstr=54053825,27.0,0.0105816886,0.023661375,10.5816885933,23.6613750114,0.0065751544,0.0147024923,34.7168272045,77.6291855923,False,2023-08-24,2023-Aug-24 01:11,1692839460000,Earth,18.7615797788,67541.6872035569,41967.7778071212,0.3612739455,140.5355647995,54045812.733296085,33582510.790752573,False,
{'self': 'http://api.nasa.gov/neo/rest/v1/neo/54143413?api_key=XwVHPFh2zHGkoQZ3QmLtDqyncNjhdloY07lr9868'},2023-08-24,54143413,54143413,(2021 JX),https://ssd.jpl.nasa.gov/tools/sbdb_lookup.html#/?sstr=54143413,27.35,0.0090064777,0.0201390963,9.0064776702,20.1390963084,0.005596364,0.0125138504,29.5488121994,66.0731527323,False,2023-08-24,2023-Aug-24 15:45,1692891900000,Earth,6.5144184518,23451.9064264524,14572.1026348142,0.3526724052,137.1895656228,52759040.625696924,32782947.6793245912,False,
{'self': 'http://api.nasa.gov/neo/rest/v1/neo/54376493?api_key=XwVHPFh2zHGkoQZ3QmLtDqyncNjhdloY07lr9868'},2023-08-24,54376493,54376493,(2023 NJ6),https://ssd.jpl.nasa.gov/tools/sbdb_lookup.html#/?sstr=54376493,21.72,0.1203801767,0.2691782583,120.3801767384,269.1782583305,0.0748007508,0.1672595636,394.9480990504,883.1307970609,False,2023-08-24,2023-Aug-24 15:13,1692889980000,Earth,3.5729559684,12862.6414862013,7992.3452056899,0.4696219095,182.6829227955,70254437.366532765,43654083.112831557,False,
{'self': 'http://api.nasa.gov/neo/rest/v1/neo/54377378?api_key=XwVHPFh2zHGkoQZ3QmLtDqyncNjhdloY07lr9868'},2023-08-24,54377378,54377378,(2023 QS),https://ssd.jpl.nasa.gov/tools/sbdb_lookup.html#/?sstr=54377378,23.04,0.0655473256,0.1465682757,65.5473255837,146.5682757484,0.0407292072,0.0910732761,215.050287668,480.8670618065,False,2023-08-24,2023-Aug-24 22:31,1692916260000,Earth,4.5016356289,16205.8882641555,10069.7087383582,0.2150001527,83.6350594003,32163564.893594749,19985512.4843515762,False,
{'self': 'http://api.nasa.gov/neo/rest/v1/neo/54377399?api_key=XwVHPFh2zHGkoQZ3QmLtDqyncNjhdloY07lr9868'},2023-08-24,54377399,54377399,(2023 QO1),https://ssd.jpl.nasa.gov/tools/sbdb_lookup.html#/?sstr=54377399,22.79,0.0735453089,0.1644523102,73.545308935,164.452310205,0.0456989222,0.1021858964,241.2903913664,539.5417174129,False,2023-08-24,2023-Aug-24 20:34,1692909240000,Earth,8.4335416202,30360.7498326896,18864.9892502065,0.2090335372,81.3140459708,31270971.923685764,19430880.9314569832,False,
{'self': 'http://api.nasa.gov/neo/rest/v1/neo/54377567?api_key=XwVHPFh2zHGkoQZ3QmLtDqyncNjhdloY07lr9868'},2023-08-24,54377567,54377567,(2023 QV1),https://ssd.jpl.nasa.gov/tools/sbdb_lookup.html#/?sstr=54377567,24.06,0.040978398,0.0916304836,40.9783980394,91.6304836251,0.0254627882,0.0569365252,134.4435674236,300.6249558967,False,2023-08-24,2023-Aug-24 05:21,1692854460000,Earth,3.5548339969,12797.402388773,7951.808167624,0.2688088267,104.5666335863,40213227.911519129,24987341.1458128202,False,
{'self': 'http://api.nasa.gov/neo/rest/v1/neo/54377836?api_key=XwVHPFh2zHGkoQZ3QmLtDqyncNjhdloY07lr9868'},2023-08-24,54377836,54377836,(2023 QK2),https://ssd.jpl.nasa.gov/tools/sbdb_lookup.html#/?sstr=54377836,26.75,0.0118728499,0.0265484994,11.8728498794,26.5484994169,0.0073774446,0.0164964676,38.9529207982,87.101378827,False,2023-08-24,2023-Aug-24 18:54,1692903240000,Earth,4.884736458,17585.0512488485,10926.6669829303,0.0198139756,7.7076365084,2964128.545991972,1841824.0719623336,False,
{'self': 'http://api.nasa.gov/neo/rest/v1/neo/54377840?api_key=XwVHPFh2zHGkoQZ3QmLtDqyncNjhdloY07lr9868'},2023-08-24,54377840,54377840,(2023 QN2),https://ssd.jpl.nasa.gov/tools/sbdb_lookup.html#/?sstr=54377840,24.62,0.0316632126,0.0708010957,31.6632125734,70.8010957001,0.0196746021,0.0439937476,103.8819343392,232.2870668166,False,2023-08-24,2023-Aug-24 08:55,1692867300000,Earth,15.4333415506,55560.0295821456,34522.8417145282,0.0489940141,19.0586714849,7329400.152109967,4554278.0698408646,False,
{'self': 'http://api.nasa.gov/neo/rest/v1/neo/54377958?api_key=XwVHPFh2zHGkoQZ3QmLtDqyncNjhdloY07lr9868'},2023-08-24,54377958,54377958,(2023 QR3),https://ssd.jpl.nasa.gov/tools/sbdb_lookup.html#/?sstr=54377958,24.37,0.0355267088,0.079440136,35.5267088298,79.4401359603,0.0220752666,0.0493617967,116.5574473972,260.6303756639,False,2023-08-24,2023-Aug-24 06:28,1692858480000,Earth,6.1936505686,22297.1420468996,13854.5769568638,0.1494255961,58.1265568829,22353750.900040307,13889976.7225059566,False,
{'self': 'http://api.nasa.gov/neo/rest/v1/neo/54378881?api_key=XwVHPFh2zHGkoQZ3QmLtDqyncNjhdloY07lr9868'},2023-08-24,54378881,54378881,(2023 QN7),https://ssd.jpl.nasa.gov/tools/sbdb_lookup.html#/?sstr=54378881,23.45,0.0542693946,0.1213500554,54.2693945693,121.3500553547,0.033721428,0.0754034052,178.0492004788,398.1301156101,False,2023-08-24,2023-Aug-24 20:42,1692909720000,Earth,24.2325093473,87237.0336501169,54205.700158874,0.0108283642,4.2122336738,1619900.219904254,1006559.3218725452,False,
{'self': 'http://api.nasa.gov/neo/rest/v1/neo/54381666?api_key=XwVHPFh2zHGkoQZ3QmLtDqyncNjhdloY07lr9868'},2023-08-24,54381666,54381666,(2023 RT4),https://ssd.jpl.nasa.gov/tools/sbdb_lookup.html#/?sstr=54381666,24.55,0.0327005439,0.0731206391,32.7005439282,73.1206391247,0.0203191697,0.0454350447,107.2852525414,239.8971176657,False,2023-08-24,2023-Aug-24 17:02,1692896520000,Earth,12.0414196273,43349.1106582649,26935.451564298,0.0328823959,12.7912520051,4919136.387136733,3056609.6140955954,False,
{'self': 'http://api.nasa.gov/neo/rest/v1/neo/54381673?api_key=XwVHPFh2zHGkoQZ3QmLtDqyncNjhdloY07lr9868'},2023-08-24,54381673,54381673,(2023 RZ4),https://ssd.jpl.nasa.gov/tools/sbdb_lookup.html#/?sstr=54381673,21.79,0.1165614595,0.2606393469,116.5614594686,260.6393469284,0.0724279106,0.1619537316,382.4194986829,855.1159949764,False,2023-08-24,2023-Aug-24 09:49,1692870540000,Earth,17.3405468168,62425.9685404944,38789.0691745089,0.2429855554,94.5213810506,36350121.528606998,22586918.1485646524,False,
{'self': 'http://api.nasa.gov/neo/rest/v1/neo/54415302?api_key=XwVHPFh2zHGkoQZ3QmLtDqyncNjhdloY07lr9868'},2023-08-24,54415302,54415302,(2023 XZ5),https://ssd.jpl.nasa.gov/tools/sbdb_lookup.html#/?sstr=54415302,20.13,0.2503542548,0.5598091321,250.3542547558,559.8091320902,0.1555628736,0.3478491602,821.3722531729,1836.6441929268,False,2023-08-24,2023-Aug-24 12:13,1692879180000,Earth,7.3909180083,26607.3048299116,16532.7444927859,0.4552425444,177.0893497716,68103314.975620428,42317437.6401927864,False,
{'self': 'http://api.nasa.gov/neo/rest/v1/neo/2101955?api_key=XwVHPFh2zHGkoQZ3QmLtDqyncNjhdloY07lr9868'},2023-08-25,2101955,2101955,101955 Bennu (1999 RQ36),https://ssd.jpl.nasa.gov/tools/sbdb_lookup.html#/?sstr=2101955,20.21,0.2412986969,0.5395602892,241.2986969214,539.5602891983,0.1499360126,0.3352671165,791.6624168075,1770.2109792133,True,2023-08-25,2023-Aug-25 06:51,1692946260000,Earth,19.9688592017,71887.8931261816,44668.341148321,0.4967706275,193.2437740975,74315827.752563425,46177714.076388265,True,http://api.nasa.gov/neo/rest/v1/neo/sentry/2101955?api_key=XwVHPFh2zHGkoQZ3QmLtDqyncNjhdloY07lr9868
{'self': 'http://api.nasa.gov/neo/rest/v1/neo/3158115?api_key=XwVHPFh2zHGkoQZ3QmLtDqyncNjhdloY07lr9868'},2023-08-25,3158115,3158115,(2003 QK5),https://ssd.jpl.nasa.gov/tools/sbdb_lookup.html#/?sstr=3158115,22.85,0.0715409951,0.1599705282,71.5409950884,159.9705281956,0.0444534997,0.0994010471,234.7145583258,524.8377077252,False,2023-08-25,2023-Aug-25 10:16,1692958560000,Earth,8.881183946,31972.2622056877,19866.3203688619,0.2937237596,114.2585424844,43940448.804552052,27303328.8149682376,False,
{'self': 'http://api.nasa.gov/neo/rest/v1/neo/3248972?api_key=XwVHPFh2zHGkoQZ3QmLtDqyncNjhdloY07lr9868'},2023-08-25,3248972,3248972,(2004 OW10),https://ssd.jpl.nasa.gov/tools/sbdb_lookup.html#/?sstr=3248972,24.61,0.0318093633,0.0711278987,31.8093633221,71.1278987093,0.0197654159,0.0441968135,104.3614315618,233.3592552014,False,2023-08-25,2023-Aug-25 21:29,1692998940000,Earth,4.177301952,15038.2870270498,9344.2067363355,0.2962462802,115.2398029978,44317812.513343174,27537811.7504928412,False,
{'self': 'http://api.nasa.gov/neo/rest/v1/neo/3408586?api_key=XwVHPFh2zHGkoQZ3QmLtDqyncNjhdloY07lr9868'},2023-08-25,3408586,3408586,(2008 GS3),https://ssd.jpl.nasa.gov/tools/sbdb_lookup.html#/?sstr=3408586,22.27,0.0934447651,0.2089488469,93.4447650924,208.9488468882,0.0580638671,0.1298347539,306.5773231058,685.5277348245,False,2023-08-25,2023-Aug-25 13:48,1692971280000,Earth,21.9081117957,78869.2024646521,49006.2552758834,0.4957086352,192.8306590928,74156955.966527024,46078995.7261759712,False,
{'self': 'http://api.nasa.gov/neo/rest/v1/neo/3602525?api_key=XwVHPFh2zHGkoQZ3QmLtDqyncNjhdloY07lr9868'},2023-08-25,3602525,3602525,(2012 GA5),https://ssd.jpl.nasa.gov/tools/sbdb_lookup.html#/?sstr=3602525,24.19,0.0385971268,0.0863057993,38.5971267955,86.3057992509,0.0239831353,0.0536279208,126.6309974757,283.1555184142,False,2023-08-25,2023-Aug-25 08:41,1692952860000,Earth,5.1097672483,18395.1620939486,11430.0383577649,0.1578803064,61.4154391896,23618557.552387368,14675891.1329389584,False,
{'self': 'http://api.nasa.gov/neo/rest/v1/neo/3666783?api_key=XwVHPFh2zHGkoQZ3QmLtDqyncNjhdloY07lr9868'},2023-08-25,3666783,3666783,(2014 FO47),https://ssd.jpl.nasa.gov/tools/sbdb_lookup.html#/?sstr=3666783,20.21,0.2412986969,0.5395602892,241.2986969214,539.5602891983,0.1499360126,0.3352671165,791.6624168075,1770.2109792133,True,2023-08-25,2023-Aug-25 10:41,1692960060000,Earth,19.2999752336,69479.9108409013,43172.1146000034,0.4729161476,183.9643814164,70747248.369565612,43960301.6705729656,False,
{'self': 'http://api.nasa.gov/neo/rest/v1/neo/3702966?api_key=XwVHPFh2zHGkoQZ3QmLtDqyncNjhdloY07lr9868'},2023-08-25,3702966,3702966,(2014 YT9),https://ssd.jpl.nasa.gov/tools/sbdb_lookup.html#/?sstr=3702966,20.59,0.2025606009,0.4529392731,202.5606008648,452.9392730968,0.1258652831,0.2814433291,664.5689217411,1486.0212847469,False,2023-08-25,2023-Aug-25 19:06,1692990360000,Earth,16.5707691316,59654.768873774,37067.1534704848,0.3974110033,154.5928802837,59451839.608242971,36941660.1250201598,False,
{'self': 'http://api.nasa.gov/neo/rest/v1/neo/3721411?api_key=XwVHPFh2zHGkoQZ3QmLtDqyncNjhdloY07lr9868'},2023-08-25,3721411,3721411,(2015 MO11),https://ssd.jpl.nasa.gov/tools/sbdb_lookup.html#/?sstr=3721411,20.2,0.2424124811,0.5420507863,242.4124811008,542.0507863358,0.1506280858,0.3368146392,795.3165644948,1778.3819018419,False,2023-08-25,2023-Aug-25 00:03,1692921780000,Earth,13.2959523686,47865.4285268495,29741.7158532527,0.4908641991,190.9461734499,73432238.644615917,45628677.2638849746,False,
{'self': 'http://api.nasa.gov/neo/rest/v1/neo/3764822?api_key=XwVHPFh2zHGkoQZ3QmLtDqyncNjhdloY07lr9868'},2023-08-25,3764822,3764822,(2016 WY7),https://ssd.jpl.nasa.gov/tools/sbdb_lookup.html#/?sstr=3764822,22.77,0.0742258153,0.1659739687,74.2258153001,165.9739686963,0.0461217691,0.1031314109,243.5230238691,544.5340354577,False,2023-08-25,2023-Aug-25 08:13,1692951180000,Earth,7.3818981583,26574.8333699944,16512.5679903723,0.4876148048,189.6821590672,72946136.178545776,45326627.1977166688,False,
{'self': 'http://api.nasa.gov/neo/rest/v1/neo/3825507?api_key=XwVHPFh2zHGkoQZ3QmLtDqyncNjhdloY07lr9868'},2023-08-25,3825507,3825507,(2018 MN8),https://ssd.jpl.nasa.gov/tools/sbdb_lookup.html#/?sstr=3825507,22.8,0.0732073989,0.1636967205,73.2073989347,163.696720474,0.0454889547,0.1017163949,240.181762721,537.0627483999,False,2023-08-25,2023-Aug-25 06:51,1692946260000,Earth,29.9192566477,107709.3239318726,66926.385195335,0.3573681935,139.0162272715,53461520.553347845,33219448.465556461,False,
{'self': 'http://api.nasa.gov/neo/rest/v1/neo/3991645?api_key=XwVHPFh2zHGkoQZ3QmLtDqyncNjhdloY07lr9868'},2023-08-25,3991645,3991645,(2020 DS),https://ssd.jpl.nasa.gov/tools/sbdb_lookup.html#/?sstr=3991645,24.8,0.0291443905,0.0651688382,29.1443904535,65.1688382168,0.018109479,0.0404940262,95.6180819754,213.8085311752,False,2023-08-25,2023-Aug-25 16:08,1692979680000,Earth,10.8012330915,38884.4391295739,24161.2783024844,0.3585598379,139.4797769431,53639788.017385273,33330218.7312238474,False,
{'self': 'http://api.nasa.gov/neo/rest/v1/neo/54051137?api_key=XwVHPFh2zHGkoQZ3QmLtDqyncNjhdloY07lr9868'},2023-08-25,54051137,54051137,(2020 PR5),https://ssd.jpl.nasa.gov/tools/sbdb_lookup.html#/?sstr=54051137,25.5,0.0211132445,0.0472106499,21.113244479,47.2106498806,0.0131191578,0.0293353287,69.2691770164,154.8905885541,False,2023-08-25,2023-Aug-25 04:13,1692936780000,Earth,9.8533947982,35472.2212735385,22041.0588241051,0.349016081,135.767255509,52212062.31334747,32443071.116316286,False,
{'self': 'http://api.nasa.gov/neo/rest/v1/neo/54297802?api_key=XwVHPFh2zHGkoQZ3QmLtDqyncNjhdloY07lr9868'},2023-08-25,54297802,54297802,(2022 QT5),https://ssd.jpl.nasa.gov/tools/sbdb_lookup.html#/?sstr=54297802,25.84,0.0180532326,0.0403682552,18.053232555,40.3682552065,0.0112177552,0.0250836631,59.2297674956,132.4417864117,False,2023-08-25,2023-Aug-25 04:01,1692936060000,Earth,12.0195883239,43270.5179659525,26886.6171216776,0.0573446383,22.3070642987,8578635.745600421,5330517.0729549698,False,
{'self': 'http://api.nasa.gov/neo/rest/v1/neo/54323525?api_key=XwVHPFh2zHGkoQZ3QmLtDqyncNjhdloY07lr9868'},2023-08-25,54323525,54323525,(2022 VE),https://ssd.jpl.nasa.gov/tools/sbdb_lookup.html#/?sstr=54323525,25.32,0.0229379698,0.0512908597,22.9379697996,51.2908597378,0.0142529892,0.0318706528,75.2558088375,168.2771042623,False,2023-08-25,2023-Aug-25 07:18,1692947880000,Earth,8.9384960051,32178.585618464,19994.5217138728,0.4355888932,169.4440794548,65163170.618377484,40490516.6520539192,False,
{'self': 'http://api.nasa.gov/neo/rest/v1/neo/54354968?api_key=XwVHPFh2zHGkoQZ3QmLtDqyncNjhdloY07lr9868'},2023-08-25,54354968,54354968,(2023 FJ19),https://ssd.jpl.nasa.gov/tools/sbdb_lookup.html#/?sstr=54354968,22.28,0.0930154254,0.2079888141,93.0154253961,207.9888141418,0.0577970879,0.1292382174,305.1687282567,682.3780209891,False,2023-08-25,2023-Aug-25 15:49,1692978540000,Earth,5.5288533209,19903.8719553872,12367.4919936127,0.1283525698,49.9291496522,19201271.051106326,11931116.5779302588,False,
{'self': 'http://api.nasa.gov/neo/rest/v1/neo/54376677?api_key=XwVHPFh2zHGkoQZ3QmLtDqyncNjhdloY07lr9868'},2023-08-25,54376677,54376677,(2023 PJ),https://ssd.jpl.nasa.gov/tools/sbdb_lookup.html#/?sstr=54376677,21.75,0.1187284988,0.2654849942,118.7284987937,265.4849941693,0.073774446,0.1649646763,389.5292079824,871.0137882703,False,2023-08-25,2023-Aug-25 21:06,1692997560000,Earth,12.0406537493,43346.3534975329,26933.7383718421,0.1613687606,62.7724478734,24140422.870299922,15000163.2047940436,False,
{'self': 'http://api.nasa.gov/neo/rest/v1/neo/54377575?api_key=XwVHPFh2zHGkoQZ3QmLtDqyncNjhdloY07lr9868'},2023-08-25,54377575,54377575,(2023 QC2),https://ssd.jpl.nasa.gov/tools/sbdb_lookup.html#/?sstr=54377575,26.1,0.0160160338,0.0358129403,16.0160337979,35.8129403019,0.0099518989,0.0222531225,52.5460443254,117.4965270602,False,2023-08-25,2023-Aug-25 09:49,1692956940000,Earth,10.2172849979,36782.2259922611,22855.0448116913,0.0235983358,9.1797526262,3530260.771224746,2193602.3245476548,False,
{'self': 'http://api.nasa.gov/neo/rest/v1/neo/54377971?api_key=XwVHPFh2zHGkoQZ3QmLtDqyncNjhdloY07lr9868'},2023-08-25,54377971,54377971,(2023 QG4),https://ssd.jpl.nasa.gov/tools/sbdb_lookup.html#/?sstr=54377971,22.68,0.077366861,0.1729975604,77.3668609982,172.9975603978,0.0480735238,0.1074956671,253.8282922374,567.5773160554,False,2023-08-25,2023-Aug-25 02:46,1692931560000,Earth,24.0254090166,86491.4724598756,53742.4374293043,0.0169342567,6.5874258563,2533328.732353229,1574137.4805594002,False,
{'self': 'http://api.nasa.gov/neo/rest/v1/neo/54378891?api_key=XwVHPFh2zHGkoQZ3QmLtDqyncNjhdloY07lr9868'},2023-08-25,54378891,54378891,(2023 QS7),https://ssd.jpl.nasa.gov/tools/sbdb_lookup.html#/?sstr=54378891,21.27,0.1480999721,0.331161605,148.0999720661,331.1616050056,0.0920250277,0.2057742177,485.8923123534,1086.4882401667,False,2023-08-25,2023-Aug-25 18:22,1692987720000,Earth,22.3241001006,80366.7603621053,49936.7795149981,0.0620107481,24.1221810109,9276675.832866547,5764259.0702984686,False,
{'self': 'http://api.nasa.gov/neo/rest/v1/neo/54383280?api_key=XwVHPFh2zHGkoQZ3QmLtDqyncNjhdloY07lr9868'},2023-08-25,54383280,54383280,(2023 RY9),https://ssd.jpl.nasa.gov/tools/sbdb_lookup.html#/?sstr=54383280,25.14,0.0249203981,0.0557237043,24.9203981441,55.7237042765,0.0154848127,0.0346250939,81.7598390471,182.8205579387,False,2023-08-25,2023-Aug-25 22:13,1693001580000,Earth,7.0349569084,25325.8448704061,15736.4951085031,0.1186796591,46.1663873899,17754224.213686117,11031963.3674457346,False,
{'self': 'http://api.nasa.gov/neo/rest/v1/neo/54408325?api_key=XwVHPFh2zHGkoQZ3QmLtDqyncNjhdloY07lr9868'},2023-08-25,54408325,54408325,(2023 TH139),https://ssd.jpl.nasa.gov/tools/sbdb_lookup.html#/?sstr=54408325,22.46,0.0856160085,0.1914432149,85.6160084723,191.4432149063,0.0531993048,0.1189572619,280.8924252363,628.0945571932,False,2023-08-25,2023-Aug-25 19:20,1692991200000,Earth,9.1963153973,33106.7354302374,20571.2379121939,0.3705376252,144.1391362028,55431639.484778324,34443623.6037919112,False,
{'self': 'http://api.nasa.gov/neo/rest/v1/neo/2065679?api_key=XwVHPFh2zHGkoQZ3QmLtDqyncNjhdloY07lr9868'},2023-08-26,2065679,2065679,65679 (1989 UQ),https://ssd.jpl.nasa.gov/tools/sbdb_lookup.html#/?sstr=2065679,19.62,0.3166321257,0.708010957,316.6321257337,708.0109570008,0.1967460206,0.4399374764,1038.8193433921,2322.8706681664,True,2023-08-26,2023-Aug-26 20:18,1693081080000,Earth,20.2754584235,72991.6503247418,45354.1729476153,0.4177658092,162.5108997788,62496875.215146404,38833757.5134282152,False,
{'self': 'http://api.nasa.gov/neo/rest/v1/neo/3289173?api_key=XwVHPFh2zHGkoQZ3QmLtDqyncNjhdloY07lr9868'},2023-08-26,3289173,3289173,(2005 QQ87),https://ssd.jpl.nasa.gov/tools/sbdb_lookup.html#/?sstr=3289173,22.84,0.0718712133,0.1607089186,71.871213318,160.7089186045,0.0446586877,0.0998598615,235.7979515023,527.2602485143,False,2023-08-26,2023-Aug-26 15:09,1693062540000,Earth,19.7204057977,70993.460871612,44112.575728808,0.1097021913,42.6741524157,16411214.152812531,10197455.6122576878,False,
{'self': 'http://api.nasa.gov/neo/rest/v1/neo/3384403?api_key=XwVHPFh2zHGkoQZ3QmLtDqyncNjhdloY07lr9868'},2023-08-26,3384403,3384403,(2007 RR17),https://ssd.jpl.nasa.gov/tools/sbdb_lookup.html#/?sstr=3384403,23.78,0.0466181437,0.1042413384,46.618143739,104.2413383852,0.0289671626,0.0647725447,152.9466707045,341.9991526276,False,2023-08-26,2023-Aug-26 15:54,1693065240000,Earth,7.1311321112,25672.0756001851,15951.6294194595,0.021358324,8.308388036,3195159.77716988,1985380.222229144,False,
{'self': 'http://api.nasa.gov/neo/rest/v1/neo/3472549?api_key=XwVHPFh2zHGkoQZ3QmLtDqyncNjhdloY07lr9868'},2023-08-26,3472549,3472549,(2009 UK20),https://ssd.jpl.nasa.gov/tools/sbdb_lookup.html#/?sstr=3472549,26.3,0.0146067964,0.0326617897,14.6067964271,32.6617897446,0.0090762397,0.020295089,47.92256199,107.1581062656,False,2023-08-26,2023-Aug-26 23:53,1693093980000,Earth,5.6830795811,20459.086491885,12712.480714916,0.2523706198,98.1721711022,37754107.172659826,23459314.3742285588,False,
{'self': 'http://api.nasa.gov/neo/rest/v1/neo/3530350?api_key=XwVHPFh2zHGkoQZ3QmLtDqyncNjhdloY07lr9868'},2023-08-26,3530350,3530350,(2010 MB),https://ssd.jpl.nasa.gov/tools/sbdb_lookup.html#/?sstr=3530350,24.6,0.0319561887,0.0714562102,31.9561886721,71.4562101727,0.0198566489,0.0444008168,104.8431420431,234.436392583,False,2023-08-26,2023-Aug-26 15:31,1693063860000,Earth,8.9655428024,32275.9540887784,20055.0226947746,0.2636111784,102.5447483976,39435670.796830008,24504189.5587817904,False,
{'self': 'http://api.nasa.gov/neo/rest/v1/neo/3599541?api_key=XwVHPFh2zHGkoQZ3QmLtDqyncNjhdloY07lr9868'},2023-08-26,3599541,3599541,(2012 DO8),https://ssd.jpl.nasa.gov/tools/sbdb_lookup.html#/?sstr=3599541,22.34,0.0904804968,0.2023205415,90.4804968225,202.3205415331,0.0562219568,0.1257161172,296.8520331952,663.7813254835,False,2023-08-26,2023-Aug-26 20:59,1693083540000,Earth,11.0126832348,39645.6596453149,24634.2711279458,0.2956000917,114.9884356713,44221144.090124679,27477744.7776474102,False,
{'self': 'http://api.nasa.gov/neo/rest/v1/neo/3699898?api_key=XwVHPFh2zHGkoQZ3QmLtDqyncNjhdloY07lr9868'},2023-08-26,3699898,3699898,(2014 WM368),https://ssd.jpl.nasa.gov/tools/sbdb_lookup.html#/?sstr=3699898,23.74,0.0474848397,0.1061793296,47.4848397396,106.1793295584,0.0295057024,0.0659767562,155.7901616112,348.3573915882,False,2023-08-26,2023-Aug-26 13:18,1693055880000,Earth,4.7590422364,17132.5520512047,10645.5015787055,0.3438231711,133.7472135579,51435214.053205557,31960359.9910764066,False,
{'self': 'http://api.nasa.gov/neo/rest/v1/neo/3740664?api_key=XwVHPFh2zHGkoQZ3QmLtDqyncNjhdloY07lr9868'},2023-08-26,3740664,3740664,(2016 BQ),https://ssd.jpl.nasa.gov/tools/sbdb_lookup.html#/?sstr=3740664,26.54,0.0130784109,0.0292442157,13.0784108584,29.2442157171,0.0081265452,0.0181715076,42.9081734807,95.9455926932,False,2023-08-26,2023-Aug-26 04:37,1693024620000,Earth,11.6857235226,42068.6046813323,26139.7949476867,0.2420511354,94.1578916706,36210334.286921598,22500058.3843221324,False,
{'self': 'http://api.nasa.gov/neo/rest/v1/neo/3826899?api_key=XwVHPFh2zHGkoQZ3QmLtDqyncNjhdloY07lr9868'},2023-08-26,3826899,3826899,(2018 QY),https://ssd.jpl.nasa.gov/tools/sbdb_lookup.html#/?sstr=3826899,22.66,0.0780827277,0.1745982871,78.0827277491,174.5982871157,0.0485183426,0.1084903123,256.1769365085,572.8290443006,False,2023-08-26,2023-Aug-26 00:21,1693009260000,Earth,18.7754987677,67591.7955637801,41998.9131935055,0.1416578633,55.1049088237,21191714.618431171,13167920.8592893198,False,
{'self': 'http://api.nasa.gov/neo/rest/v1/neo/3843359?api_key=XwVHPFh2zHGkoQZ3QmLtDqyncNjhdloY07lr9868'},2023-08-26,3843359,3843359,(2019 OH1),https://ssd.jpl.nasa.gov/tools/sbdb_lookup.html#/?sstr=3843359,22.59,0.0806408277,0.1803183724,80.6408276759,180.3183724451,0.0501078717,0.1120446074,264.5696530721,591.5957290529,False,2023-08-26,2023-Aug-26 15:34,1693064040000,Earth,8.093849526,29137.8582937404,18105.1320047966,0.2798928406,108.8783149934,41871372.782009522,26017664.5916025236,False,
{'self': 'http://api.nasa.gov/neo/rest/v1/neo/54049792?api_key=XwVHPFh2zHGkoQZ3QmLtDqyncNjhdloY07lr9868'},2023-08-26,54049792,54049792,(2020 OV4),https://ssd.jpl.nasa.gov/tools/sbdb_lookup.html#/?sstr=54049792,27.1,0.0101054342,0.0225964377,10.1054341542,22.5964377109,0.0062792237,0.0140407711,33.1543125905,74.1352966996,False,2023-08-26,2023-Aug-26 21:06,1693083960000,Earth,10.9209509918,39315.423570363,24429.0752734847,0.2609844924,101.5229675436,39042724.166071188,24260023.8445428744,False,
{'self': 'http://api.nasa.gov/neo/rest/v1/neo/54053821?api_key=XwVHPFh2zHGkoQZ3QmLtDqyncNjhdloY07lr9868'},2023-08-26,54053821,54053821,(2020 RD2),https://ssd.jpl.nasa.gov/tools/sbdb_lookup.html#/?sstr=54053821,23.42,0.0550243571,0.1230382028,55.0243570509,123.038202784,0.0341905398,0.0764523711,180.5261115868,403.6686572217,False,2023-08-26,2023-Aug-26 05:50,1693029000000,Earth,29.5283678518,106302.1242666492,66052.0060477966,0.4412734381,171.6553674209,66013566.427336847,41018928.1049766086,False,
{'self': 'http://api.nasa.gov/neo/rest/v1/neo/54054687?api_key=XwVHPFh2zHGkoQZ3QmLtDqyncNjhdloY07lr9868'},2023-08-26,54054687,54054687,(2020 SV5),https://ssd.jpl.nasa.gov/tools/sbdb_lookup.html#/?sstr=54054687,26.2,0.0152951935,0.0342010925,15.2951935344,34.201092472,0.0095039897,0.021251567,50.1810827555,112.2083122258,False,2023-08-26,2023-Aug-26 23:42,1693093320000,Earth,12.1041663622,43574.9989040989,27075.8097357164,0.1653881023,64.3359717947,24741707.827422101,15373784.3521069538,False,
{'self': 'http://api.nasa.gov/neo/rest/v1/neo/54240286?api_key=XwVHPFh2zHGkoQZ3QmLtDqyncNjhdloY07lr9868'},2023-08-26,54240286,54240286,(2022 BN2),https://ssd.jpl.nasa.gov/tools/sbdb_lookup.html#/?sstr=54240286,29.76,0.0029686225,0.0066380417,2.9686225126,6.6380417377,0.0018446159,0.0041246866,9.7395754842,21.7783528548,False,2023-08-26,2023-Aug-26 07:01,1693033260000,Earth,5.3016705642,19086.0140311481,11859.3068850765,0.2344810763,91.2131386807,35077869.569787481,21796377.4392139978,False,
{'self': 'http://api.nasa.gov/neo/rest/v1/neo/54377191?api_key=XwVHPFh2zHGkoQZ3QmLtDqyncNjhdloY07lr9868'},2023-08-26,54377191,54377191,(2023 QP),https://ssd.jpl.nasa.gov/tools/sbdb_lookup.html#/?sstr=54377191,23.43,0.0547715431,0.1224728936,54.7715430947,122.4728935923,0.0340334485,0.0761011044,179.6966694469,401.8139682135,False,2023-08-26,2023-Aug-26 09:16,1693041360000,Earth,14.8250140701,53370.0506524086,33162.0739734369,0.0968564977,37.6771776053,14489525.751579899,9003373.8100406462,False,
{'self': 'http://api.nasa.gov/neo/rest/v1/neo/54377565?api_key=XwVHPFh2zHGkoQZ3QmLtDqyncNjhdloY07lr9868'},2023-08-26,54377565,54377565,(2023 QT1),https://ssd.jpl.nasa.gov/tools/sbdb_lookup.html#/?sstr=54377565,25.2,0.0242412481,0.0542050786,24.2412481101,54.2050786336,0.0150628086,0.0336814639,79.5316564495,177.8381901842,False,2023-08-26,2023-Aug-26 01:25,1693013100000,Earth,10.6337168906,38281.380806192,23786.561312603,0.0294491816,11.4557316424,4405534.840603192,2737472.4116683696,False,
{'self': 'http://api.nasa.gov/neo/rest/v1/neo/54378883?api_key=XwVHPFh2zHGkoQZ3QmLtDqyncNjhdloY07lr9868'},2023-08-26,54378883,54378883,(2023 QO7),https://ssd.jpl.nasa.gov/tools/sbdb_lookup.html#/?sstr=54378883,24.3,0.0366906138,0.0820427065,36.6906137531,82.0427064882,0.0227984834,0.0509789586,120.3760332259,269.1689931548,False,2023-08-26,2023-Aug-26 05:55,1693029300000,Earth,11.562256499,41624.1233963104,25863.6115625574,0.0198535796,7.7230424644,2970053.220035452,1845505.4937031576,False,
{'self': 'http://api.nasa.gov/neo/rest/v1/neo/54381669?api_key=XwVHPFh2zHGkoQZ3QmLtDqyncNjhdloY07lr9868'},2023-08-26,54381669,54381669,(2023 QB20),https://ssd.jpl.nasa.gov/tools/sbdb_lookup.html#/?sstr=54381669,26.62,0.012605352,0.0281864239,12.6053519682,28.1864238812,0.0078326002,0.0175142264,41.3561429514,92.4751469265,False,2023-08-26,2023-Aug-26 08:33,1693038780000,Earth,10.110351464,36397.2652703568,22615.8451897948,0.0144865771,5.6352784919,2167161.077750777,1346611.4505116426,False,
{'self': 'http://api.nasa.gov/neo/rest/v1/neo/54384220?api_key=XwVHPFh2zHGkoQZ3QmLtDqyncNjhdloY07lr9868'},2023-08-26,54384220,54384220,(2023 RM19),https://ssd.jpl.nasa.gov/tools/sbdb_lookup.html#/?sstr=54384220,23.22,0.0603330078,0.1349087066,60.3330077631,134.9087066453,0.0374891814,0.083828358,197.9429451894,442.61388111,False,2023-08-26,2023-Aug-26 22:55,1693090500000,Earth,9.1229021024,32842.4475685905,20407.0197128278,0.1242971833,48.3516043037,18594593.868679571,11554144.8571812398,False,
{'self': 'http://api.nasa.gov/neo/rest/v1/neo/2187026?api_key=XwVHPFh2zHGkoQZ3QmLtDqyncNjhdloY07lr9868'},2023-08-27,2187026,2187026,187026 (2005 EK70),https://ssd.jpl.nasa.gov/tools/sbdb_lookup.html#/?sstr=2187026,17.36,0.8965096664,2.0046565566,896.5096664153,2004.6565565902,0.5570651079,1.2456354492,2941.3047739619,6576.9574171234,False,2023-08-27,2023-Aug-27 03:44,1693107840000,Earth,17.4550828565,62838.2982832978,39045.2748416413,0.1795477068,69.8440579452,26859954.500664516,16690001.8010456808,False,
{'self': 'http://api.nasa.gov/neo/rest/v1/neo/2374158?api_key=XwVHPFh2zHGkoQZ3QmLtDqyncNjhdloY07lr9868'},2023-08-27,2374158,2374158,374158 (2004 UL),https://ssd.jpl.nasa.gov/tools/sbdb_lookup.html#/?sstr=2374158,18.67,0.4904050984,1.0965791366,490.4050984179,1096.5791365749,0.3047235064,0.6813824747,1608.9406630934,3597.7006944404,True,2023-08-27,2023-Aug-27 10:52,1693133520000,Earth,27.7171711276,99781.8160595281,62000.5400954329,0.4525450778,176.0400352642,67699779.717864286,42066692.4582317068,False,
{'self': 'http://api.nasa.gov/neo/rest/v1/neo/2513181?api_key=XwVHPFh2zHGkoQZ3QmLtDqyncNjhdloY07lr9868'},2023-08-27,2513181,2513181,513181 (2005 BS27),https://ssd.jpl.nasa.gov/tools/sbdb_lookup.html#/?sstr=2513181,20.34,0.2272767323,0.5082062231,227.2767322847,508.2062230927,0.1412231704,0.315784609,745.6585943491,1667.3433049715,False,2023-08-27,2023-Aug-27 08:00,1693123200000,Earth,14.1180679064,50825.0444629712,31580.7060997834,0.2840941022,110.5126057558,42499872.568682314,26408196.2498473732,False,
{'self': 'http://api.nasa.gov/neo/rest/v1/neo/3338369?api_key=XwVHPFh2zHGkoQZ3QmLtDqyncNjhdloY07lr9868'},2023-08-27,3338369,3338369,(2006 QS23),https://ssd.jpl.nasa.gov/tools/sbdb_lookup.html#/?sstr=3338369,20.1,0.2538370294,0.5675968529,253.8370293645,567.5968528656,0.1577269688,0.3526882241,832.7986794202,1862.1944587557,False,2023-08-27,2023-Aug-27 14:49,1693147740000,Earth,29.2342666477,105243.3599315886,65394.1310641585,0.4361150275,169.6487456975,65241879.188991425,40539423.889974665,False,
{'self': 'http://api.nasa.gov/neo/rest/v1/neo/3468430?api_key=XwVHPFh2zHGkoQZ3QmLtDqyncNjhdloY07lr9868'},2023-08-27,3468430,3468430,(2009 SZ99),https://ssd.jpl.nasa.gov/tools/sbdb_lookup.html#/?sstr=3468430,19.32,0.3635423218,0.8129053443,363.5423218434,812.9053443399,0.2258946561,0.5051158067,1192.7241911966,2667.0123699241,False,2023-08-27,2023-Aug-27 19:50,1693165800000,Earth,11.7286873306,42223.2743900696,26235.900689763,0.07598638,29.55870182,11367400.5970106,7063375.19792228,False,
{'self': 'http://api.nasa.gov/neo/rest/v1/neo/3595776?api_key=XwVHPFh2zHGkoQZ3QmLtDqyncNjhdloY07lr9868'},2023-08-27,3595776,3595776,(2012 AC11),https://ssd.jpl.nasa.gov/tools/sbdb_lookup.html#/?sstr=3595776,21.94,0.1087814834,0.2432427915,108.7814833562,243.2427914778,0.0675936591,0.1511440166,356.8946418545,798.0406799921,False,2023-08-27,2023-Aug-27 10:46,1693133160000,Earth,10.0165068687,36059.4247272062,22405.9242145243,0.484039136,188.291223904,72411223.74224032,44994248.022423616,False,
{'self': 'http://api.nasa.gov/neo/rest/v1/neo/3972419?api_key=XwVHPFh2zHGkoQZ3QmLtDqyncNjhdloY07lr9868'},2023-08-27,3972419,3972419,(2020 AT),https://ssd.jpl.nasa.gov/tools/sbdb_lookup.html#/?sstr=3972419,25.2,0.0242412481,0.0542050786,24.2412481101,54.2050786336,0.0150628086,0.0336814639,79.5316564495,177.8381901842,False,2023-08-27,2023-Aug-27 20:48,1693169280000,Earth,10.3832481731,37379.6934233087,23226.2878384998,0.3177379261,123.6000532529,47532916.962777407,29535585.0173939366,False,
{'self': 'http://api.nasa.gov/neo/rest/v1/neo/3989097?api_key=XwVHPFh2zHGkoQZ3QmLtDqyncNjhdloY07lr9868'},2023-08-27,3989097,3989097,(2020 BR5),https://ssd.jpl.nasa.gov/tools/sbdb_lookup.html#/?sstr=3989097,25.5,0.0211132445,0.0472106499,21.113244479,47.2106498806,0.0131191578,0.0293353287,69.2691770164,154.8905885541,False,2023-08-27,2023-Aug-27 08:11,1693123860000,Earth,6.2684248156,22566.3293361008,14021.8394699788,0.3278198316,127.5219144924,49041148.551118692,30472756.6691622696,False,
{'self': 'http://api.nasa.gov/neo/rest/v1/neo/54048948?api_key=XwVHPFh2zHGkoQZ3QmLtDqyncNjhdloY07lr9868'},2023-08-27,54048948,54048948,(2020 OA3),https://ssd.jpl.nasa.gov/tools/sbdb_lookup.html#/?sstr=54048948,24.76,0.0296862251,0.0663804174,29.686225126,66.3804173771,0.0184461594,0.0412468663,97.3957548424,217.7835285475,False,2023-08-27,2023-Aug-27 19:43,1693165380000,Earth,4.5555357408,16399.9286670428,10190.2778986967,0.3397694629,132.1703210681,50828787.940884023,31583544.2780565974,False,
{'self': 'http://api.nasa.gov/neo/rest/v1/neo/54051183?api_key=XwVHPFh2zHGkoQZ3QmLtDqyncNjhdloY07lr9868'},2023-08-27,54051183,54051183,(2020 QL1),https://ssd.jpl.nasa.gov/tools/sbdb_lookup.html#/?sstr=54051183,24.1,0.040230458,0.0899580388,40.2304579834,89.9580388169,0.0249980399,0.0558973165,131.9896957704,295.1379320721,False,2023-08-27,2023-Aug-27 19:51,1693165860000,Earth,25.4270313366,91537.3128116981,56877.7263968021,0.4597290393,178.8345962877,68774485.056426291,42734483.3897371758,False,
{'self': 'http://api.nasa.gov/neo/rest/v1/neo/54123272?api_key=XwVHPFh2zHGkoQZ3QmLtDqyncNjhdloY07lr9868'},2023-08-27,54123272,54123272,(2021 DC1),https://ssd.jpl.nasa.gov/tools/sbdb_lookup.html#/?sstr=54123272,26.24,0.0150160248,0.0335768522,15.0160247905,33.5768521834,0.0093305223,0.0208636822,49.2651747737,110.1602797174,False,2023-08-27,2023-Aug-27 15:38,1693150680000,Earth,12.6914330085,45689.1588306097,28389.4664967197,0.2269054189,88.2662079521,33944567.358897743,21092176.0996171334,False,
{'self': 'http://api.nasa.gov/neo/rest/v1/neo/54248044?api_key=XwVHPFh2zHGkoQZ3QmLtDqyncNjhdloY07lr9868'},2023-08-27,54248044,54248044,(2022 DL),https://ssd.jpl.nasa.gov/tools/sbdb_lookup.html#/?sstr=54248044,24.58,0.0322518756,0.0721173863,32.2518756454,72.1173863449,0.0200403802,0.0448116525,105.8132436923,236.6056058158,False,2023-08-27,2023-Aug-27 05:55,1693115700000,Earth,11.9859553639,43149.439309972,26811.3835534656,0.066647694,25.925952966,9970353.06281178,6195290.113811364,False,
{'self': 'http://api.nasa.gov/neo/rest/v1/neo/2620059?api_key=XwVHPFh2zHGkoQZ3QmLtDqyncNjhdloY07lr9868'},2023-08-27,2620059,2620059,620059 (2006 QS23),https://ssd.jpl.nasa.gov/tools/sbdb_lookup.html#/?sstr=2620059,20.15,0.2480589932,0.5546767711,248.0589931518,554.6767711177,0.1541366646,0.3446600599,813.8418670923,1819.8057377537,False,2023-08-27,2023-Aug-27 14:49,1693147740000,Earth,29.2342655334,105243.3559202789,65394.1285716866,0.4361149804,169.6487273756,65241872.142931748,40539419.5117562024,False,
{'self': 'http://api.nasa.gov/neo/rest/v1/neo/54356033?api_key=XwVHPFh2zHGkoQZ3QmLtDqyncNjhdloY07lr9868'},2023-08-27,54356033,54356033,(2023 HV3),https://ssd.jpl.nasa.gov/tools/sbdb_lookup.html#/?sstr=54356033,24.45,0.0342416731,0.0765667087,34.241673084,76.5667086792,0.0212767826,0.0475763323,112.3414507209,251.2031205029,False,2023-08-27,2023-Aug-27 03:30,1693107000000,Earth,3.2195947468,11590.5410885277,7201.9114891466,0.133214015,51.820251835,19928532.89814805,12383016.13482109,False,
{'self': 'http://api.nasa.gov/neo/rest/v1/neo/54375772?api_key=XwVHPFh2zHGkoQZ3QmLtDqyncNjhdloY07lr9868'},2023-08-27,54375772,54375772,(2023 OW1),https://ssd.jpl.nasa.gov/tools/sbdb_lookup.html#/?sstr=54375772,22.27,0.0934447651,0.2089488469,93.4447650924,208.9488468882,0.0580638671,0.1298347539,306.5773231058,685.5277348245,False,2023-08-27,2023-Aug-27 18:23,1693160580000,Earth,9.1951266175,33102.455822832,20568.5787305813,0.13334022,51.86934558,19947412.8973314,12394747.62231732,False,
{'self': 'http://api.nasa.gov/neo/rest/v1/neo/54376484?api_key=XwVHPFh2zHGkoQZ3QmLtDqyncNjhdloY07lr9868'},2023-08-27,54376484,54376484,(2023 OX5),https://ssd.jpl.nasa.gov/tools/sbdb_lookup.html#/?sstr=54376484,21.02,0.1661709017,0.3715694322,166.1709017398,371.5694321726,0.1032537794,0.2308824696,545.1801412639,1219.0598558491,False,2023-08-27,2023-Aug-27 05:58,1693115880000,Earth,5.9939167806,21578.1004102822,13407.7924466001,0.355934502,138.458521278,53247043.35871074,33086178.516618612,False,
{'self': 'http://api.nasa.gov/neo/rest/v1/neo/54377193?api_key=XwVHPFh2zHGkoQZ3QmLtDqyncNjhdloY07lr9868'},2023-08-27,54377193,54377193,(2023 QQ),https://ssd.jpl.nasa.gov/tools/sbdb_lookup.html#/?sstr=54377193,25.77,0.0186446818,0.041690776,18.644681832,41.6907759952,0.0115852646,0.0259054392,61.1702179417,136.7807655161,False,2023-08-27,2023-Aug-27 09:14,1693127640000,Earth,10.1050959542,36378.3454352406,22604.0891400249,0.0273665169,10.6455750741,4093972.637559003,2543876.6358521214,False,
{'self': 'http://api.nasa.gov/neo/rest/v1/neo/54377563?api_key=XwVHPFh2zHGkoQZ3QmLtDqyncNjhdloY07lr9868'},2023-08-27,54377563,54377563,(2023 QR1),https://ssd.jpl.nasa.gov/tools/sbdb_lookup.html#/?sstr=54377563,27.26,0.0093876087,0.0209913311,9.3876086531,20.9913310944,0.0058331878,0.0130434044,30.7992419733,68.8691987079,False,2023-08-27,2023-Aug-27 03:22,1693106520000,Earth,5.0175033797,18063.0121668653,11223.6533100169,0.0110785258,4.3095465362,1657323.862420046,1029813.2950307948,False,
{'self': 'http://api.nasa.gov/neo/rest/v1/neo/54378345?api_key=XwVHPFh2zHGkoQZ3QmLtDqyncNjhdloY07lr9868'},2023-08-27,54378345,54378345,(2023 QJ5),https://ssd.jpl.nasa.gov/tools/sbdb_lookup.html#/?sstr=54378345,27.1,0.0101054342,0.0225964377,10.1054341542,22.5964377109,0.0062792237,0.0140407711,33.1543125905,74.1352966996,False,2023-08-27,2023-Aug-27 13:56,1693144560000,Earth,12.2144683281,43972.0859811056,27322.5442030931,0.0117156498,4.5573877722,1752636.255745926,1089037.6699727388,True,http://api.nasa.gov/neo/rest/v1/neo/sentry/54378345?api_key=XwVHPFh2zHGkoQZ3QmLtDqyncNjhdloY07lr9868
{'self': 'http://api.nasa.gov/neo/rest/v1/neo/54378777?api_key=XwVHPFh2zHGkoQZ3QmLtDqyncNjhdloY07lr9868'},2023-08-27,54378777,54378777,(2023 QZ6),https://ssd.jpl.nasa.gov/tools/sbdb_lookup.html#/?sstr=54378777,24.86,0.0283501249,0.0633928065,28.3501249023,63.3928064522,0.0176159455,0.0393904515,93.0122237845,207.9816551205,False,2023-08-27,2023-Aug-27 21:38,1693172280000,Earth,17.6840034348,63662.4123651266,39557.3472832088,0.0233246838,9.0733019982,3489323.014903506,2168164.7823241428,False,
{'self': 'http://api.nasa.gov/neo/rest/v1/neo/54378880?api_key=XwVHPFh2zHGkoQZ3QmLtDqyncNjhdloY07lr9868'},2023-08-27,54378880,54378880,(2023 QL7),https://ssd.jpl.nasa.gov/tools/sbdb_lookup.html#/?sstr=54378880,20.72,0.1907897226,0.4266187892,190.7897226199,426.6187891865,0.1185512007,0.2650885437,625.9505535604,1399.6679883146,True,2023-08-27,2023-Aug-27 03:02,1693105320000,Earth,12.6510639835,45543.8303406061,28299.165024695,0.1482209026,57.6579311114,22173531.318437462,13777993.4672304956,False,
{'self': 'http://api.nasa.gov/neo/rest/v1/neo/54379042?api_key=XwVHPFh2zHGkoQZ3QmLtDqyncNjhdloY07lr9868'},2023-08-27,54379042,54379042,(2023 QT7),https://ssd.jpl.nasa.gov/tools/sbdb_lookup.html#/?sstr=54379042,22.09,0.1015207872,0.2270073813,101.5207871893,227.0073812845,0.0630820731,0.1410558035,333.0734594421,744.7748968135,False,2023-08-27,2023-Aug-27 21:01,1693170060000,Earth,7.9552332398,28638.8396631904,17795.0612340529,0.1425516184,55.4525795576,21325418.477692808,13251000.5849764304,False,
{'self': 'http://api.nasa.gov/neo/rest/v1/neo/54380204?api_key=XwVHPFh2zHGkoQZ3QmLtDqyncNjhdloY07lr9868'},2023-08-27,54380204,54380204,(2023 RA1),https://ssd.jpl.nasa.gov/tools/sbdb_lookup.html#/?sstr=54380204,25.46,0.021505769,0.0480883614,21.5057690002,48.0883613928,0.0133630612,0.0298807132,70.5569871665,157.7702195919,False,2023-08-27,2023-Aug-27 18:19,1693160340000,Earth,8.2676496019,29763.5385666728,18493.9053943862,0.0404820098,15.7475018122,6056022.439399126,3763037.8494588988,False,
{'self': 'http://api.nasa.gov/neo/rest/v1/neo/54381333?api_key=XwVHPFh2zHGkoQZ3QmLtDqyncNjhdloY07lr9868'},2023-08-27,54381333,54381333,(2023 RQ3),https://ssd.jpl.nasa.gov/tools/sbdb_lookup.html#/?sstr=54381333,21.97,0.1072889455,0.2399053753,107.2889454508,239.9053752622,0.0666662393,0.1490702429,351.9978637928,787.0911513753,False,2023-08-27,2023-Aug-27 19:22,1693164120000,Earth,24.4907080814,88166.5490931181,54783.2649073322,0.2648530918,103.0278527102,39621458.396194466,24619632.6198609908,False,
{'self': 'http://api.nasa.gov/neo/rest/v1/neo/54381671?api_key=XwVHPFh2zHGkoQZ3QmLtDqyncNjhdloY07lr9868'},2023-08-27,54381671,54381671,(2023 RW4),https://ssd.jpl.nasa.gov/tools/sbdb_lookup.html#/?sstr=54381671,25.89,0.0176422908,0.0394493615,17.6422908113,39.4493615328,0.0109624079,0.0245126892,57.8815333853,129.4270432914,False,2023-08-27,2023-Aug-27 02:28,1693103280000,Earth,9.7098660466,34955.5177677509,21719.9993596339,0.0427436029,16.6272615281,6394351.949965823,3973266.0589134374,False,
{'self': 'http://api.nasa.gov/neo/rest/v1/neo/54382897?api_key=XwVHPFh2zHGkoQZ3QmLtDqyncNjhdloY07lr9868'},2023-08-27,54382897,54382897,(2023 RE9),https://ssd.jpl.nasa.gov/tools/sbdb_lookup.html#/?sstr=54382897,25.98,0.0169260249,0.0378477424,16.9260249457,37.8477423675,0.010517341,0.0235174895,55.531579683,124.172387069,False,2023-08-27,2023-Aug-27 03:43,1693107780000,Earth,8.2435015931,29676.6057352343,18439.8887136516,0.0233692138,9.0906241682,3495984.608054606,2172304.1043653228,False,
{'self': 'http://api.nasa.gov/neo/rest/v1/neo/54384210?api_key=XwVHPFh2zHGkoQZ3QmLtDqyncNjhdloY07lr9868'},2023-08-27,54384210,54384210,(2023 RO16),https://ssd.jpl.nasa.gov/tools/sbdb_lookup.html#/?sstr=54384210,27.86,0.0071212294,0.015923553,7.1212294074,15.9235530382,0.0044249254,0.0098944341,23.3636142889,52.24262975,False,2023-08-27,2023-Aug-27 00:34,1693096440000,Earth,1.8142480512,6531.2929842944,4058.2914657134,0.0380850841,14.8150977149,5697447.460130867,3540229.6890932846,False,
{'self': 'http://api.nasa.gov/neo/rest/v1/neo/54416853?api_key=XwVHPFh2zHGkoQZ3QmLtDqyncNjhdloY07lr9868'},2023-08-27,54416853,54416853,(2023 XS13),https://ssd.jpl.nasa.gov/tools/sbdb_lookup.html#/?sstr=54416853,24.27,0.037201031,0.0831840342,37.201031034,83.1840342251,0.0231156419,0.0516881465,122.0506306575,272.9135068469,False,2023-08-27,2023-Aug-27 14:28,1693146480000,Earth,8.9403154688,32185.1356878574,19998.5916722689,0.319707938,124.366387882,47827626.54689206,29718709.061388028,False,
{'self': 'http://api.nasa.gov/neo/rest/v1/neo/54417173?api_key=XwVHPFh2zHGkoQZ3QmLtDqyncNjhdloY07lr9868'},2023-08-27,54417173,54417173,(2023 XH16),https://ssd.jpl.nasa.gov/tools/sbdb_lookup.html#/?sstr=54417173,21.05,0.1638909515,0.3664713084,163.8909514948,366.4713084395,0.1018370844,0.2277146434,537.6999893021,1202.3337275805,False,2023-08-27,2023-Aug-27 22:00,1693173600000,Earth,13.8968155388,50028.5359396249,31085.7866787075,0.4862540349,189.1528195761,72742567.899945663,45200135.7348816294,False,
{'self': 'http://api.nasa.gov/neo/rest/v1/neo/2511777?api_key=XwVHPFh2zHGkoQZ3QmLtDqyncNjhdloY07lr9868'},2023-08-28,2511777,2511777,511777 (2015 EZ),https://ssd.jpl.nasa.gov/tools/sbdb_lookup.html#/?sstr=2511777,20.14,0.2492039814,0.5572370428,249.2039814409,557.2370427654,0.1548481272,0.3462509385,817.5983904706,1828.2055793866,False,2023-08-28,2023-Aug-28 08:11,1693210260000,Earth,7.2180447118,25984.9609626056,16146.0442159035,0.3212277492,124.9575944388,48054987.065214204,29859984.3364518552,False,
{'self': 'http://api.nasa.gov/neo/rest/v1/neo/3373978?api_key=XwVHPFh2zHGkoQZ3QmLtDqyncNjhdloY07lr9868'},2023-08-28,3373978,3373978,(2007 GZ5),https://ssd.jpl.nasa.gov/tools/sbdb_lookup.html#/?sstr=3373978,21.76,0.1181829909,0.2642652014,118.1829908933,264.2652014216,0.0734354832,0.1642067325,387.7394838423,867.0118434321,False,2023-08-28,2023-Aug-28 03:31,1693193460000,Earth,11.2263359742,40414.8095072888,25112.1909407929,0.2545495603,99.0197789567,38080072.030316561,23661859.5446321018,False,
{'self': 'http://api.nasa.gov/neo/rest/v1/neo/3546704?api_key=XwVHPFh2zHGkoQZ3QmLtDqyncNjhdloY07lr9868'},2023-08-28,3546704,3546704,(2010 SF),https://ssd.jpl.nasa.gov/tools/sbdb_lookup.html#/?sstr=3546704,25.4,0.022108281,0.0494356193,22.1082810359,49.435619262,0.0137374447,0.0307178602,72.5337327539,162.1903570994,False,2023-08-28,2023-Aug-28 19:12,1693249920000,Earth,10.8140318518,38930.5146664742,24189.9078492878,0.2022025539,78.6567934671,30249071.372000193,18795901.3730329434,False,
{'self': 'http://api.nasa.gov/neo/rest/v1/neo/3552665?api_key=XwVHPFh2zHGkoQZ3QmLtDqyncNjhdloY07lr9868'},2023-08-28,3552665,3552665,(2010 WD9),https://ssd.jpl.nasa.gov/tools/sbdb_lookup.html#/?sstr=3552665,23.76,0.0470494961,0.1052058716,47.0494961121,105.2058716137,0.0292351924,0.0653718777,154.3618688243,345.1636318251,False,2023-08-28,2023-Aug-28 23:10,1693264200000,Earth,12.8481545558,46253.3564007994,28740.0369258189,0.2377254118,92.4751851902,35563215.250152866,22097957.2605509108,False,
{'self': 'http://api.nasa.gov/neo/rest/v1/neo/3592306?api_key=XwVHPFh2zHGkoQZ3QmLtDqyncNjhdloY07lr9868'},2023-08-28,3592306,3592306,(2012 AN10),https://ssd.jpl.nasa.gov/tools/sbdb_lookup.html#/?sstr=3592306,22.53,0.0829000851,0.1853702257,82.9000851452,185.3702257252,0.0515117088,0.1151836825,271.9819153478,608.1700513683,False,2023-08-28,2023-Aug-28 04:27,1693196820000,Earth,10.9274845162,39338.9442583718,24443.69011432,0.2745400002,106.7960600778,41070599.259719574,25520086.9978311612,False,
{'self': 'http://api.nasa.gov/neo/rest/v1/neo/3682466?api_key=XwVHPFh2zHGkoQZ3QmLtDqyncNjhdloY07lr9868'},2023-08-28,3682466,3682466,(2014 QH33),https://ssd.jpl.nasa.gov/tools/sbdb_lookup.html#/?sstr=3682466,24.44,0.0343997255,0.0769201245,34.3997254657,76.9201245487,0.0213749918,0.0477959347,112.859995297,252.3626214244,False,2023-08-28,2023-Aug-28 04:13,1693195980000,Earth,13.2863275722,47830.7792599841,29720.186146294,0.2574636324,100.1533530036,38516011.009502988,23932739.4654297144,False,
{'self': 'http://api.nasa.gov/neo/rest/v1/neo/3780732?api_key=XwVHPFh2zHGkoQZ3QmLtDqyncNjhdloY07lr9868'},2023-08-28,3780732,3780732,(2017 QO1),https://ssd.jpl.nasa.gov/tools/sbdb_lookup.html#/?sstr=3780732,27.0,0.0105816886,0.023661375,10.5816885933,23.6613750114,0.0065751544,0.0147024923,34.7168272045,77.6291855923,False,2023-08-28,2023-Aug-28 15:50,1693237800000,Earth,12.2603315507,44137.1935825261,27425.1356457646,0.2637227722,102.5881583858,39452364.991615214,24514562.8504053932,False,
{'self': 'http://api.nasa.gov/neo/rest/v1/neo/3802040?api_key=XwVHPFh2zHGkoQZ3QmLtDqyncNjhdloY07lr9868'},2023-08-28,3802040,3802040,(2018 FF3),https://ssd.jpl.nasa.gov/tools/sbdb_lookup.html#/?sstr=3802040,26.63,0.0125474356,0.028056919,12.5474356368,28.0569190272,0.0077966126,0.0174337558,41.1661287346,92.0502622211,False,2023-08-28,2023-Aug-28 20:52,1693255920000,Earth,9.9309953408,35751.5832269569,22214.6434778833,0.49857003,193.94374167,74585014.5338361,46344978.98609418,False,
{'self': 'http://api.nasa.gov/neo/rest/v1/neo/54053711?api_key=XwVHPFh2zHGkoQZ3QmLtDqyncNjhdloY07lr9868'},2023-08-28,54053711,54053711,(2020 QX6),https://ssd.jpl.nasa.gov/tools/sbdb_lookup.html#/?sstr=54053711,28.8,0.0046190746,0.0103285648,4.6190746028,10.328564805,0.002870159,0.0064178706,15.1544447199,33.886368555,False,2023-08-28,2023-Aug-28 01:38,1693186680000,Earth,17.3097633197,62315.147950978,38720.2095698729,0.2670306,103.8749034,39947208.984822,24822044.6496636,False,
{'self': 'http://api.nasa.gov/neo/rest/v1/neo/54102019?api_key=XwVHPFh2zHGkoQZ3QmLtDqyncNjhdloY07lr9868'},2023-08-28,54102019,54102019,(2020 YN3),https://ssd.jpl.nasa.gov/tools/sbdb_lookup.html#/?sstr=54102019,23.38,0.0560473362,0.1253256538,56.0473362252,125.3256537574,0.0348261894,0.0778737268,183.8823425812,411.1734178734,False,2023-08-28,2023-Aug-28 17:39,1693244340000,Earth,12.4469155748,44808.8960691616,27842.5054491965,0.3440651737,133.8413525693,51471417.126700019,31982855.5378135022,False,
{'self': 'http://api.nasa.gov/neo/rest/v1/neo/54111250?api_key=XwVHPFh2zHGkoQZ3QmLtDqyncNjhdloY07lr9868'},2023-08-28,54111250,54111250,(2021 CN3),https://ssd.jpl.nasa.gov/tools/sbdb_lookup.html#/?sstr=54111250,26.23,0.0150853356,0.0337318359,15.0853356118,33.7318358913,0.0093735901,0.0209599846,49.4925724885,110.6687564656,False,2023-08-28,2023-Aug-28 11:45,1693223100000,Earth,15.3343263844,55203.5749839984,34301.3546893628,0.4312959397,167.7741205433,64520953.918768439,40091461.6993408982,False,
{'self': 'http://api.nasa.gov/neo/rest/v1/neo/54143420?api_key=XwVHPFh2zHGkoQZ3QmLtDqyncNjhdloY07lr9868'},2023-08-28,54143420,54143420,(2021 JE1),https://ssd.jpl.nasa.gov/tools/sbdb_lookup.html#/?sstr=54143420,26.68,0.0122618211,0.0274182656,12.2618211318,27.4182655787,0.0076191401,0.0170369151,40.2290732421,89.9549424412,False,2023-08-28,2023-Aug-28 16:34,1693240440000,Earth,8.923043973,32122.9583028022,19959.9570632051,0.2523754921,98.1740664269,37754836.058361827,23459767.2828021326,True,http://api.nasa.gov/neo/rest/v1/neo/sentry/54143420?api_key=XwVHPFh2zHGkoQZ3QmLtDqyncNjhdloY07lr9868
{'self': 'http://api.nasa.gov/neo/rest/v1/neo/54150704?api_key=XwVHPFh2zHGkoQZ3QmLtDqyncNjhdloY07lr9868'},2023-08-28,54150704,54150704,(2021 KT2),https://ssd.jpl.nasa.gov/tools/sbdb_lookup.html#/?sstr=54150704,28.4,0.0055533491,0.0124176661,5.5533491158,12.4176661257,0.0034506901,0.0077159776,18.2196499131,40.740375732,False,2023-08-28,2023-Aug-28 15:06,1693235160000,Earth,19.866497836,71519.3922094873,44439.3690092784,0.4672149777,181.7466263253,69894365.496017499,43430344.8273755262,True,http://api.nasa.gov/neo/rest/v1/neo/sentry/54150704?api_key=XwVHPFh2zHGkoQZ3QmLtDqyncNjhdloY07lr9868
{'self': 'http://api.nasa.gov/neo/rest/v1/neo/54179898?api_key=XwVHPFh2zHGkoQZ3QmLtDqyncNjhdloY07lr9868'},2023-08-28,54179898,54179898,(2021 PE5),https://ssd.jpl.nasa.gov/tools/sbdb_lookup.html#/?sstr=54179898,20.62,0.1997813652,0.4467247133,199.78136523,446.7247132921,0.1241383467,0.2775817818,655.4506943013,1465.6323083572,False,2023-08-28,2023-Aug-28 01:08,1693184880000,Earth,25.0117142724,90042.171380653,55948.7036559396,0.4787055123,186.2164442847,71613324.997338801,44498456.7324894138,False,
{'self': 'http://api.nasa.gov/neo/rest/v1/neo/54216182?api_key=XwVHPFh2zHGkoQZ3QmLtDqyncNjhdloY07lr9868'},2023-08-28,54216182,54216182,(2021 VK1),https://ssd.jpl.nasa.gov/tools/sbdb_lookup.html#/?sstr=54216182,24.55,0.0327005439,0.0731206391,32.7005439282,73.1206391247,0.0203191697,0.0454350447,107.2852525414,239.8971176657,False,2023-08-28,2023-Aug-28 08:03,1693209780000,Earth,7.4944201987,26979.9127152897,16764.2685424532,0.3327622486,129.4445147054,49780523.606970482,30932183.0249853716,False,
{'self': 'http://api.nasa.gov/neo/rest/v1/neo/54248205?api_key=XwVHPFh2zHGkoQZ3QmLtDqyncNjhdloY07lr9868'},2023-08-28,54248205,54248205,(2022 DT),https://ssd.jpl.nasa.gov/tools/sbdb_lookup.html#/?sstr=54248205,24.89,0.0279611466,0.0625230245,27.9611466062,62.5230245403,0.0173742456,0.0388499943,91.7360482316,205.128039833,False,2023-08-28,2023-Aug-28 23:38,1693265880000,Earth,25.1410575632,90507.8072273497,56238.0316630163,0.4090748244,159.1301066916,61196722.400864028,38025880.0164104664,False,
{'self': 'http://api.nasa.gov/neo/rest/v1/neo/54300305?api_key=XwVHPFh2zHGkoQZ3QmLtDqyncNjhdloY07lr9868'},2023-08-28,54300305,54300305,(2022 RA),https://ssd.jpl.nasa.gov/tools/sbdb_lookup.html#/?sstr=54300305,27.89,0.0070235225,0.0157050737,7.023522477,15.7050737,0.0043642132,0.0097586774,23.0430534833,51.5258339979,False,2023-08-28,2023-Aug-28 21:14,1693257240000,Earth,9.8765667478,35555.6402922412,22092.892158254,0.0561427995,21.8395490055,8398843.221037065,5218799.178618897,False,
{'self': 'http://api.nasa.gov/neo/rest/v1/neo/54317205?api_key=XwVHPFh2zHGkoQZ3QmLtDqyncNjhdloY07lr9868'},2023-08-28,54317205,54317205,(2022 UE3),https://ssd.jpl.nasa.gov/tools/sbdb_lookup.html#/?sstr=54317205,24.61,0.0318093633,0.0711278987,31.8093633221,71.1278987093,0.0197654159,0.0441968135,104.3614315618,233.3592552014,False,2023-08-28,2023-Aug-28 12:09,1693224540000,Earth,7.1846659224,25864.7973207733,16071.3792018994,0.2649806013,103.0774539057,39640533.545799231,24631485.3682061478,False,
{'self': 'http://api.nasa.gov/neo/rest/v1/neo/54351261?api_key=XwVHPFh2zHGkoQZ3QmLtDqyncNjhdloY07lr9868'},2023-08-28,54351261,54351261,(2023 FX2),https://ssd.jpl.nasa.gov/tools/sbdb_lookup.html#/?sstr=54351261,24.01,0.0419329075,0.0937648318,41.9329075486,93.7648317729,0.0260558927,0.0582627473,137.5751604018,307.6274106738,False,2023-08-28,2023-Aug-28 23:38,1693265880000,Earth,11.3396288072,40822.6637058379,25365.6156787747,0.4152958382,161.5500810598,62127372.814584634,38604159.3683265892,False,
{'self': 'http://api.nasa.gov/neo/rest/v1/neo/54382911?api_key=XwVHPFh2zHGkoQZ3QmLtDqyncNjhdloY07lr9868'},2023-08-28,54382911,54382911,(2023 RT9),https://ssd.jpl.nasa.gov/tools/sbdb_lookup.html#/?sstr=54382911,25.07,0.0257368254,0.0575492912,25.7368254194,57.5492911629,0.0159921169,0.0357594606,84.4384063091,188.8100164188,False,2023-08-28,2023-Aug-28 04:09,1693195740000,Earth,15.1331263739,54479.2549459306,33851.2903857089,0.0080330289,3.1248482421,1201724.013088443,746716.6760207934,False,
{'self': 'http://api.nasa.gov/neo/rest/v1/neo/54384211?api_key=XwVHPFh2zHGkoQZ3QmLtDqyncNjhdloY07lr9868'},2023-08-28,54384211,54384211,(2023 RQ16),https://ssd.jpl.nasa.gov/tools/sbdb_lookup.html#/?sstr=54384211,26.18,0.0154367182,0.0345175513,15.4367182177,34.5175512843,0.009591929,0.0214482054,50.6454025974,113.2465629557,False,2023-08-28,2023-Aug-28 22:13,1693260780000,Earth,8.6890156656,31280.4563960006,19436.4591422816,0.0099445978,3.8684485442,1487690.648886686,924408.1038448268,False,
{'self': 'http://api.nasa.gov/neo/rest/v1/neo/54421379?api_key=XwVHPFh2zHGkoQZ3QmLtDqyncNjhdloY07lr9868'},2023-08-28,54421379,54421379,(2024 BU),https://ssd.jpl.nasa.gov/tools/sbdb_lookup.html#/?sstr=54421379,28.3,0.0058150704,0.0130028927,5.8150703965,13.0028927004,0.0036133161,0.0080796204,19.0783155595,42.6604104873,False,2023-08-28,2023-Aug-28 09:15,1693214100000,Earth,3.8571909913,13885.8875686065,8628.1505283933,0.2968678263,115.4815844307,44410794.486009981,27595588.0691844978,False,
